kind,preset_a,preset_b,csd
within_preset,edu-flat-v2,edu-flat-v2,0.5938
within_preset,edu-flat-v2,edu-flat-v2,0.6631
within_preset,edu-flat-v2,edu-flat-v2,0.7024
within_preset,edu-flat-v2,edu-flat-v2,0.6187
within_preset,edu-flat-v2,edu-flat-v2,0.7206
within_preset,edu-flat-v2,edu-flat-v2,0.6314
within_preset,edu-flat-v2,edu-flat-v2,0.6623
within_preset,edu-flat-v2,edu-flat-v2,0.5542
within_preset,edu-flat-v2,edu-flat-v2,0.6224
within_preset,edu-flat-v2,edu-flat-v2,0.7198
within_preset,edu-flat-v2,edu-flat-v2,0.6544
within_preset,edu-flat-v2,edu-flat-v2,0.742
within_preset,edu-flat-v2,edu-flat-v2,0.6084
within_preset,edu-flat-v2,edu-flat-v2,0.6961
within_preset,edu-flat-v2,edu-flat-v2,0.6631
within_preset,edu-flat-v2,edu-flat-v2,0.5079
within_preset,edu-flat-v2,edu-flat-v2,0.6596
within_preset,edu-flat-v2,edu-flat-v2,0.5053
within_preset,edu-flat-v2,edu-flat-v2,0.6034
within_preset,edu-flat-v2,edu-flat-v2,0.7171
within_preset,edu-flat-v2,edu-flat-v2,0.4871
within_preset,edu-flat-v2,edu-flat-v2,0.5885
within_preset,edu-flat-v2,edu-flat-v2,0.507
within_preset,edu-flat-v2,edu-flat-v2,0.5861
within_preset,edu-flat-v2,edu-flat-v2,0.5607
within_preset,edu-flat-v2,edu-flat-v2,0.7606
within_preset,edu-flat-v2,edu-flat-v2,0.5929
within_preset,edu-flat-v2,edu-flat-v2,0.5448
within_preset,edu-flat-v2,edu-flat-v2,0.6962
within_preset,edu-flat-v2,edu-flat-v2,0.5848
within_preset,edu-flat-v2,edu-flat-v2,0.6255
within_preset,edu-flat-v2,edu-flat-v2,0.6497
within_preset,edu-flat-v2,edu-flat-v2,0.5557
within_preset,edu-flat-v2,edu-flat-v2,0.6202
within_preset,edu-flat-v2,edu-flat-v2,0.5502
within_preset,edu-flat-v2,edu-flat-v2,0.7314
within_preset,edu-flat-v2,edu-flat-v2,0.6791
within_preset,edu-flat-v2,edu-flat-v2,0.554
within_preset,edu-flat-v2,edu-flat-v2,0.5958
within_preset,edu-flat-v2,edu-flat-v2,0.5016
within_preset,edu-flat-v2,edu-flat-v2,0.6002
within_preset,edu-flat-v2,edu-flat-v2,0.5531
within_preset,edu-flat-v2,edu-flat-v2,0.6045
within_preset,edu-flat-v2,edu-flat-v2,0.6022
within_preset,edu-flat-v2,edu-flat-v2,0.5647
within_preset,edu-flat-v2,edu-flat-v2,0.6436
within_preset,edu-flat-v2,edu-flat-v2,0.5871
within_preset,edu-flat-v2,edu-flat-v2,0.6901
within_preset,edu-flat-v2,edu-flat-v2,0.5501
within_preset,edu-flat-v2,edu-flat-v2,0.6506
within_preset,edu-flat-v2,edu-flat-v2,0.5458
within_preset,edu-flat-v2,edu-flat-v2,0.6476
within_preset,edu-flat-v2,edu-flat-v2,0.6017
within_preset,edu-flat-v2,edu-flat-v2,0.4998
within_preset,edu-flat-v2,edu-flat-v2,0.5527
within_preset,edu-flat-v2,edu-flat-v2,0.5497
within_preset,edu-flat-v2,edu-flat-v2,0.6386
within_preset,edu-flat-v2,edu-flat-v2,0.594
within_preset,edu-flat-v2,edu-flat-v2,0.5213
within_preset,edu-flat-v2,edu-flat-v2,0.5594
within_preset,edu-flat-v2,edu-flat-v2,0.5783
within_preset,edu-flat-v2,edu-flat-v2,0.6498
within_preset,edu-flat-v2,edu-flat-v2,0.4668
within_preset,edu-flat-v2,edu-flat-v2,0.6181
within_preset,edu-flat-v2,edu-flat-v2,0.8383
within_preset,edu-flat-v2,edu-flat-v2,0.5481
within_preset,edu-flat-v2,edu-flat-v2,0.6367
within_preset,edu-flat-v2,edu-flat-v2,0.5976
within_preset,edu-flat-v2,edu-flat-v2,0.6444
within_preset,edu-flat-v2,edu-flat-v2,0.673
within_preset,edu-flat-v2,edu-flat-v2,0.5205
within_preset,edu-flat-v2,edu-flat-v2,0.6579
within_preset,edu-flat-v2,edu-flat-v2,0.5454
within_preset,edu-flat-v2,edu-flat-v2,0.6557
within_preset,edu-flat-v2,edu-flat-v2,0.6535
within_preset,edu-flat-v2,edu-flat-v2,0.5643
within_preset,edu-flat-v2,edu-flat-v2,0.6151
within_preset,edu-flat-v2,edu-flat-v2,0.5193
within_preset,edu-flat-v2,edu-flat-v2,0.6924
within_preset,edu-flat-v2,edu-flat-v2,0.6275
within_preset,edu-flat-v2,edu-flat-v2,0.6473
within_preset,edu-flat-v2,edu-flat-v2,0.6455
within_preset,edu-flat-v2,edu-flat-v2,0.6819
within_preset,edu-flat-v2,edu-flat-v2,0.6721
within_preset,edu-flat-v2,edu-flat-v2,0.495
within_preset,edu-flat-v2,edu-flat-v2,0.4474
within_preset,edu-flat-v2,edu-flat-v2,0.6156
within_preset,edu-flat-v2,edu-flat-v2,0.5708
within_preset,edu-flat-v2,edu-flat-v2,0.5035
within_preset,edu-flat-v2,edu-flat-v2,0.6331
within_preset,edu-flat-v2,edu-flat-v2,0.6266
within_preset,edu-flat-v2,edu-flat-v2,0.6219
within_preset,edu-flat-v2,edu-flat-v2,0.6137
within_preset,edu-flat-v2,edu-flat-v2,0.6102
within_preset,edu-flat-v2,edu-flat-v2,0.5812
within_preset,edu-flat-v2,edu-flat-v2,0.5683
within_preset,edu-flat-v2,edu-flat-v2,0.7037
within_preset,edu-flat-v2,edu-flat-v2,0.5716
within_preset,edu-flat-v2,edu-flat-v2,0.6112
within_preset,edu-flat-v2,edu-flat-v2,0.6877
within_preset,edu-flat-v2,edu-flat-v2,0.5345
within_preset,edu-flat-v2,edu-flat-v2,0.583
within_preset,edu-flat-v2,edu-flat-v2,0.5607
within_preset,edu-flat-v2,edu-flat-v2,0.6918
within_preset,edu-flat-v2,edu-flat-v2,0.6673
within_preset,observational,observational,0.6564
within_preset,observational,observational,0.5378
within_preset,observational,observational,0.7492
within_preset,observational,observational,0.4334
within_preset,observational,observational,0.5245
within_preset,observational,observational,0.4666
within_preset,observational,observational,0.6112
within_preset,observational,observational,0.5087
within_preset,observational,observational,0.5908
within_preset,observational,observational,0.6136
within_preset,observational,observational,0.6419
within_preset,observational,observational,0.4898
within_preset,observational,observational,0.4102
within_preset,observational,observational,0.7056
within_preset,observational,observational,0.6245
within_preset,observational,observational,0.5532
within_preset,observational,observational,0.4941
within_preset,observational,observational,0.5251
within_preset,observational,observational,0.318
within_preset,observational,observational,0.5497
within_preset,observational,observational,0.6105
within_preset,observational,observational,0.4975
within_preset,observational,observational,0.5806
within_preset,observational,observational,0.5042
within_preset,observational,observational,0.4291
within_preset,observational,observational,0.4478
within_preset,observational,observational,0.4708
within_preset,observational,observational,0.5895
within_preset,observational,observational,0.5502
within_preset,observational,observational,0.5085
within_preset,observational,observational,0.2927
within_preset,observational,observational,0.3964
within_preset,observational,observational,0.5866
within_preset,observational,observational,0.3759
within_preset,observational,observational,0.2466
within_preset,observational,observational,0.5134
within_preset,observational,observational,0.4935
within_preset,observational,observational,0.5957
within_preset,observational,observational,0.4521
within_preset,observational,observational,0.6022
within_preset,observational,observational,0.6431
within_preset,observational,observational,0.4484
within_preset,observational,observational,0.6351
within_preset,observational,observational,0.4225
within_preset,observational,observational,0.4543
within_preset,playful-soft,playful-soft,0.7135
within_preset,playful-soft,playful-soft,0.6682
within_preset,playful-soft,playful-soft,0.7764
within_preset,playful-soft,playful-soft,0.6693
within_preset,playful-soft,playful-soft,0.7427
within_preset,playful-soft,playful-soft,0.7083
within_preset,playful-soft,playful-soft,0.7442
within_preset,playful-soft,playful-soft,0.8355
within_preset,playful-soft,playful-soft,0.7067
within_preset,playful-soft,playful-soft,0.6757
within_preset,playful-soft,playful-soft,0.6779
within_preset,playful-soft,playful-soft,0.7252
within_preset,playful-soft,playful-soft,0.7501
within_preset,playful-soft,playful-soft,0.6917
within_preset,playful-soft,playful-soft,0.7518
within_preset,playful-soft,playful-soft,0.7435
within_preset,playful-soft,playful-soft,0.792
within_preset,playful-soft,playful-soft,0.646
within_preset,playful-soft,playful-soft,0.6355
within_preset,playful-soft,playful-soft,0.7082
within_preset,playful-soft,playful-soft,0.6139
within_preset,playful-soft,playful-soft,0.71
within_preset,playful-soft,playful-soft,0.6289
within_preset,playful-soft,playful-soft,0.7231
within_preset,playful-soft,playful-soft,0.6818
within_preset,playful-soft,playful-soft,0.6931
within_preset,playful-soft,playful-soft,0.7056
within_preset,playful-soft,playful-soft,0.6596
within_preset,playful-soft,playful-soft,0.7659
within_preset,playful-soft,playful-soft,0.6984
within_preset,playful-soft,playful-soft,0.709
within_preset,playful-soft,playful-soft,0.6175
within_preset,playful-soft,playful-soft,0.7143
within_preset,playful-soft,playful-soft,0.6921
within_preset,playful-soft,playful-soft,0.7311
within_preset,playful-soft,playful-soft,0.7508
within_preset,playful-soft,playful-soft,0.7833
within_preset,playful-soft,playful-soft,0.726
within_preset,playful-soft,playful-soft,0.7441
within_preset,playful-soft,playful-soft,0.7363
within_preset,playful-soft,playful-soft,0.7368
within_preset,playful-soft,playful-soft,0.6732
within_preset,playful-soft,playful-soft,0.7367
within_preset,playful-soft,playful-soft,0.7968
within_preset,playful-soft,playful-soft,0.73
within_preset,storybook-scene,storybook-scene,0.6364
within_preset,storybook-scene,storybook-scene,0.6762
within_preset,storybook-scene,storybook-scene,0.7159
within_preset,storybook-scene,storybook-scene,0.4286
within_preset,storybook-scene,storybook-scene,0.6109
within_preset,storybook-scene,storybook-scene,0.7162
within_preset,storybook-scene,storybook-scene,0.5123
within_preset,storybook-scene,storybook-scene,0.6013
within_preset,storybook-scene,storybook-scene,0.6038
within_preset,storybook-scene,storybook-scene,0.7359
within_preset,storybook-scene,storybook-scene,0.6906
within_preset,storybook-scene,storybook-scene,0.579
within_preset,storybook-scene,storybook-scene,0.7969
within_preset,storybook-scene,storybook-scene,0.5982
within_preset,storybook-scene,storybook-scene,0.6126
within_preset,storybook-scene,storybook-scene,0.6951
within_preset,storybook-scene,storybook-scene,0.5707
within_preset,storybook-scene,storybook-scene,0.6044
within_preset,storybook-scene,storybook-scene,0.4652
within_preset,storybook-scene,storybook-scene,0.6441
within_preset,storybook-scene,storybook-scene,0.6869
within_preset,storybook-scene,storybook-scene,0.6152
within_preset,storybook-scene,storybook-scene,0.785
within_preset,storybook-scene,storybook-scene,0.6527
within_preset,storybook-scene,storybook-scene,0.5114
within_preset,storybook-scene,storybook-scene,0.7728
within_preset,storybook-scene,storybook-scene,0.6664
within_preset,storybook-scene,storybook-scene,0.4863
within_preset,storybook-scene,storybook-scene,0.5667
within_preset,storybook-scene,storybook-scene,0.5419
within_preset,storybook-scene,storybook-scene,0.6409
within_preset,storybook-scene,storybook-scene,0.4035
within_preset,storybook-scene,storybook-scene,0.4735
within_preset,storybook-scene,storybook-scene,0.4383
within_preset,storybook-scene,storybook-scene,0.3723
within_preset,storybook-scene,storybook-scene,0.57
within_preset,storybook-scene,storybook-scene,0.5929
within_preset,storybook-scene,storybook-scene,0.6504
within_preset,storybook-scene,storybook-scene,0.5159
within_preset,storybook-scene,storybook-scene,0.4182
within_preset,storybook-scene,storybook-scene,0.4734
within_preset,storybook-scene,storybook-scene,0.5788
within_preset,storybook-scene,storybook-scene,0.6803
within_preset,storybook-scene,storybook-scene,0.5303
within_preset,storybook-scene,storybook-scene,0.522
cross_preset,edu-flat-v2,observational,0.4261
cross_preset,edu-flat-v2,observational,0.359
cross_preset,edu-flat-v2,observational,0.3807
cross_preset,edu-flat-v2,observational,0.3938
cross_preset,edu-flat-v2,observational,0.2101
cross_preset,edu-flat-v2,observational,0.4308
cross_preset,edu-flat-v2,observational,0.3215
cross_preset,edu-flat-v2,observational,0.3711
cross_preset,edu-flat-v2,observational,0.3561
cross_preset,edu-flat-v2,observational,0.4577
cross_preset,edu-flat-v2,observational,0.284
cross_preset,edu-flat-v2,observational,0.2633
cross_preset,edu-flat-v2,observational,0.2618
cross_preset,edu-flat-v2,observational,0.2603
cross_preset,edu-flat-v2,observational,0.1561
cross_preset,edu-flat-v2,observational,0.2924
cross_preset,edu-flat-v2,observational,0.2559
cross_preset,edu-flat-v2,observational,0.2399
cross_preset,edu-flat-v2,observational,0.2879
cross_preset,edu-flat-v2,observational,0.3702
cross_preset,edu-flat-v2,observational,0.4729
cross_preset,edu-flat-v2,observational,0.3825
cross_preset,edu-flat-v2,observational,0.4099
cross_preset,edu-flat-v2,observational,0.427
cross_preset,edu-flat-v2,observational,0.2767
cross_preset,edu-flat-v2,observational,0.3351
cross_preset,edu-flat-v2,observational,0.2722
cross_preset,edu-flat-v2,observational,0.3387
cross_preset,edu-flat-v2,observational,0.2649
cross_preset,edu-flat-v2,observational,0.4804
cross_preset,edu-flat-v2,observational,0.4158
cross_preset,edu-flat-v2,observational,0.3371
cross_preset,edu-flat-v2,observational,0.3983
cross_preset,edu-flat-v2,observational,0.386
cross_preset,edu-flat-v2,observational,0.2888
cross_preset,edu-flat-v2,observational,0.4192
cross_preset,edu-flat-v2,observational,0.3113
cross_preset,edu-flat-v2,observational,0.4148
cross_preset,edu-flat-v2,observational,0.3269
cross_preset,edu-flat-v2,observational,0.424
cross_preset,edu-flat-v2,observational,0.3647
cross_preset,edu-flat-v2,observational,0.3382
cross_preset,edu-flat-v2,observational,0.3535
cross_preset,edu-flat-v2,observational,0.3443
cross_preset,edu-flat-v2,observational,0.3106
cross_preset,edu-flat-v2,observational,0.3174
cross_preset,edu-flat-v2,observational,0.2809
cross_preset,edu-flat-v2,observational,0.3359
cross_preset,edu-flat-v2,observational,0.2796
cross_preset,edu-flat-v2,observational,0.4698
cross_preset,edu-flat-v2,observational,0.4329
cross_preset,edu-flat-v2,observational,0.373
cross_preset,edu-flat-v2,observational,0.3412
cross_preset,edu-flat-v2,observational,0.4103
cross_preset,edu-flat-v2,observational,0.2749
cross_preset,edu-flat-v2,observational,0.3559
cross_preset,edu-flat-v2,observational,0.3566
cross_preset,edu-flat-v2,observational,0.4261
cross_preset,edu-flat-v2,observational,0.365
cross_preset,edu-flat-v2,observational,0.4494
cross_preset,edu-flat-v2,observational,0.4407
cross_preset,edu-flat-v2,observational,0.4122
cross_preset,edu-flat-v2,observational,0.3899
cross_preset,edu-flat-v2,observational,0.4236
cross_preset,edu-flat-v2,observational,0.2203
cross_preset,edu-flat-v2,observational,0.3771
cross_preset,edu-flat-v2,observational,0.325
cross_preset,edu-flat-v2,observational,0.3634
cross_preset,edu-flat-v2,observational,0.292
cross_preset,edu-flat-v2,observational,0.494
cross_preset,edu-flat-v2,observational,0.4314
cross_preset,edu-flat-v2,observational,0.3722
cross_preset,edu-flat-v2,observational,0.3399
cross_preset,edu-flat-v2,observational,0.4179
cross_preset,edu-flat-v2,observational,0.3067
cross_preset,edu-flat-v2,observational,0.3599
cross_preset,edu-flat-v2,observational,0.2921
cross_preset,edu-flat-v2,observational,0.4425
cross_preset,edu-flat-v2,observational,0.3148
cross_preset,edu-flat-v2,observational,0.4301
cross_preset,edu-flat-v2,observational,0.4391
cross_preset,edu-flat-v2,observational,0.3366
cross_preset,edu-flat-v2,observational,0.456
cross_preset,edu-flat-v2,observational,0.4041
cross_preset,edu-flat-v2,observational,0.2237
cross_preset,edu-flat-v2,observational,0.4354
cross_preset,edu-flat-v2,observational,0.2822
cross_preset,edu-flat-v2,observational,0.3578
cross_preset,edu-flat-v2,observational,0.4208
cross_preset,edu-flat-v2,observational,0.4126
cross_preset,edu-flat-v2,observational,0.3909
cross_preset,edu-flat-v2,observational,0.345
cross_preset,edu-flat-v2,observational,0.349
cross_preset,edu-flat-v2,observational,0.3854
cross_preset,edu-flat-v2,observational,0.2243
cross_preset,edu-flat-v2,observational,0.2763
cross_preset,edu-flat-v2,observational,0.2681
cross_preset,edu-flat-v2,observational,0.3605
cross_preset,edu-flat-v2,observational,0.2563
cross_preset,edu-flat-v2,observational,0.4393
cross_preset,edu-flat-v2,observational,0.3819
cross_preset,edu-flat-v2,observational,0.2836
cross_preset,edu-flat-v2,observational,0.344
cross_preset,edu-flat-v2,observational,0.3835
cross_preset,edu-flat-v2,observational,0.3012
cross_preset,edu-flat-v2,observational,0.3769
cross_preset,edu-flat-v2,observational,0.282
cross_preset,edu-flat-v2,observational,0.3931
cross_preset,edu-flat-v2,observational,0.3258
cross_preset,edu-flat-v2,observational,0.4342
cross_preset,edu-flat-v2,observational,0.4245
cross_preset,edu-flat-v2,observational,0.4103
cross_preset,edu-flat-v2,observational,0.5966
cross_preset,edu-flat-v2,observational,0.417
cross_preset,edu-flat-v2,observational,0.2596
cross_preset,edu-flat-v2,observational,0.33
cross_preset,edu-flat-v2,observational,0.3071
cross_preset,edu-flat-v2,observational,0.3131
cross_preset,edu-flat-v2,observational,0.2897
cross_preset,edu-flat-v2,observational,0.4999
cross_preset,edu-flat-v2,observational,0.4719
cross_preset,edu-flat-v2,observational,0.4025
cross_preset,edu-flat-v2,observational,0.4335
cross_preset,edu-flat-v2,observational,0.5028
cross_preset,edu-flat-v2,observational,0.296
cross_preset,edu-flat-v2,observational,0.4363
cross_preset,edu-flat-v2,observational,0.3288
cross_preset,edu-flat-v2,observational,0.3613
cross_preset,edu-flat-v2,observational,0.3412
cross_preset,edu-flat-v2,observational,0.5025
cross_preset,edu-flat-v2,observational,0.3743
cross_preset,edu-flat-v2,observational,0.3388
cross_preset,edu-flat-v2,observational,0.3517
cross_preset,edu-flat-v2,observational,0.3899
cross_preset,edu-flat-v2,observational,0.2149
cross_preset,edu-flat-v2,observational,0.3545
cross_preset,edu-flat-v2,observational,0.3435
cross_preset,edu-flat-v2,observational,0.3741
cross_preset,edu-flat-v2,observational,0.3829
cross_preset,edu-flat-v2,observational,0.4191
cross_preset,edu-flat-v2,observational,0.5002
cross_preset,edu-flat-v2,observational,0.4303
cross_preset,edu-flat-v2,observational,0.4573
cross_preset,edu-flat-v2,observational,0.5134
cross_preset,edu-flat-v2,observational,0.3166
cross_preset,edu-flat-v2,observational,0.4796
cross_preset,edu-flat-v2,observational,0.3932
cross_preset,edu-flat-v2,observational,0.4651
cross_preset,edu-flat-v2,observational,0.4722
cross_preset,edu-flat-v2,observational,0.438
cross_preset,edu-flat-v2,playful-soft,0.5608
cross_preset,edu-flat-v2,playful-soft,0.7354
cross_preset,edu-flat-v2,playful-soft,0.5971
cross_preset,edu-flat-v2,playful-soft,0.5386
cross_preset,edu-flat-v2,playful-soft,0.6253
cross_preset,edu-flat-v2,playful-soft,0.6387
cross_preset,edu-flat-v2,playful-soft,0.5508
cross_preset,edu-flat-v2,playful-soft,0.6015
cross_preset,edu-flat-v2,playful-soft,0.5592
cross_preset,edu-flat-v2,playful-soft,0.6024
cross_preset,edu-flat-v2,playful-soft,0.5059
cross_preset,edu-flat-v2,playful-soft,0.6034
cross_preset,edu-flat-v2,playful-soft,0.4857
cross_preset,edu-flat-v2,playful-soft,0.5361
cross_preset,edu-flat-v2,playful-soft,0.5001
cross_preset,edu-flat-v2,playful-soft,0.5245
cross_preset,edu-flat-v2,playful-soft,0.5106
cross_preset,edu-flat-v2,playful-soft,0.511
cross_preset,edu-flat-v2,playful-soft,0.5487
cross_preset,edu-flat-v2,playful-soft,0.5185
cross_preset,edu-flat-v2,playful-soft,0.6151
cross_preset,edu-flat-v2,playful-soft,0.6076
cross_preset,edu-flat-v2,playful-soft,0.5552
cross_preset,edu-flat-v2,playful-soft,0.5168
cross_preset,edu-flat-v2,playful-soft,0.4727
cross_preset,edu-flat-v2,playful-soft,0.6375
cross_preset,edu-flat-v2,playful-soft,0.6312
cross_preset,edu-flat-v2,playful-soft,0.6185
cross_preset,edu-flat-v2,playful-soft,0.5764
cross_preset,edu-flat-v2,playful-soft,0.5648
cross_preset,edu-flat-v2,playful-soft,0.512
cross_preset,edu-flat-v2,playful-soft,0.5301
cross_preset,edu-flat-v2,playful-soft,0.5429
cross_preset,edu-flat-v2,playful-soft,0.5248
cross_preset,edu-flat-v2,playful-soft,0.5981
cross_preset,edu-flat-v2,playful-soft,0.5638
cross_preset,edu-flat-v2,playful-soft,0.4636
cross_preset,edu-flat-v2,playful-soft,0.5293
cross_preset,edu-flat-v2,playful-soft,0.4996
cross_preset,edu-flat-v2,playful-soft,0.525
cross_preset,edu-flat-v2,playful-soft,0.4951
cross_preset,edu-flat-v2,playful-soft,0.5417
cross_preset,edu-flat-v2,playful-soft,0.5063
cross_preset,edu-flat-v2,playful-soft,0.4667
cross_preset,edu-flat-v2,playful-soft,0.4297
cross_preset,edu-flat-v2,playful-soft,0.5373
cross_preset,edu-flat-v2,playful-soft,0.5678
cross_preset,edu-flat-v2,playful-soft,0.5113
cross_preset,edu-flat-v2,playful-soft,0.4944
cross_preset,edu-flat-v2,playful-soft,0.5113
cross_preset,edu-flat-v2,playful-soft,0.4578
cross_preset,edu-flat-v2,playful-soft,0.5184
cross_preset,edu-flat-v2,playful-soft,0.4882
cross_preset,edu-flat-v2,playful-soft,0.4676
cross_preset,edu-flat-v2,playful-soft,0.5165
cross_preset,edu-flat-v2,playful-soft,0.531
cross_preset,edu-flat-v2,playful-soft,0.4229
cross_preset,edu-flat-v2,playful-soft,0.4551
cross_preset,edu-flat-v2,playful-soft,0.4514
cross_preset,edu-flat-v2,playful-soft,0.5093
cross_preset,edu-flat-v2,playful-soft,0.5773
cross_preset,edu-flat-v2,playful-soft,0.5496
cross_preset,edu-flat-v2,playful-soft,0.565
cross_preset,edu-flat-v2,playful-soft,0.5123
cross_preset,edu-flat-v2,playful-soft,0.483
cross_preset,edu-flat-v2,playful-soft,0.5437
cross_preset,edu-flat-v2,playful-soft,0.5453
cross_preset,edu-flat-v2,playful-soft,0.5495
cross_preset,edu-flat-v2,playful-soft,0.5521
cross_preset,edu-flat-v2,playful-soft,0.5538
cross_preset,edu-flat-v2,playful-soft,0.5677
cross_preset,edu-flat-v2,playful-soft,0.6162
cross_preset,edu-flat-v2,playful-soft,0.5363
cross_preset,edu-flat-v2,playful-soft,0.5417
cross_preset,edu-flat-v2,playful-soft,0.5841
cross_preset,edu-flat-v2,playful-soft,0.6029
cross_preset,edu-flat-v2,playful-soft,0.5491
cross_preset,edu-flat-v2,playful-soft,0.5516
cross_preset,edu-flat-v2,playful-soft,0.6034
cross_preset,edu-flat-v2,playful-soft,0.5384
cross_preset,edu-flat-v2,playful-soft,0.5262
cross_preset,edu-flat-v2,playful-soft,0.5374
cross_preset,edu-flat-v2,playful-soft,0.5592
cross_preset,edu-flat-v2,playful-soft,0.622
cross_preset,edu-flat-v2,playful-soft,0.4988
cross_preset,edu-flat-v2,playful-soft,0.5832
cross_preset,edu-flat-v2,playful-soft,0.6162
cross_preset,edu-flat-v2,playful-soft,0.5881
cross_preset,edu-flat-v2,playful-soft,0.5592
cross_preset,edu-flat-v2,playful-soft,0.5535
cross_preset,edu-flat-v2,playful-soft,0.4471
cross_preset,edu-flat-v2,playful-soft,0.5202
cross_preset,edu-flat-v2,playful-soft,0.5037
cross_preset,edu-flat-v2,playful-soft,0.4553
cross_preset,edu-flat-v2,playful-soft,0.4905
cross_preset,edu-flat-v2,playful-soft,0.5196
cross_preset,edu-flat-v2,playful-soft,0.5033
cross_preset,edu-flat-v2,playful-soft,0.4988
cross_preset,edu-flat-v2,playful-soft,0.4699
cross_preset,edu-flat-v2,playful-soft,0.4976
cross_preset,edu-flat-v2,playful-soft,0.4787
cross_preset,edu-flat-v2,playful-soft,0.5044
cross_preset,edu-flat-v2,playful-soft,0.4703
cross_preset,edu-flat-v2,playful-soft,0.4836
cross_preset,edu-flat-v2,playful-soft,0.5273
cross_preset,edu-flat-v2,playful-soft,0.5342
cross_preset,edu-flat-v2,playful-soft,0.4368
cross_preset,edu-flat-v2,playful-soft,0.4865
cross_preset,edu-flat-v2,playful-soft,0.4674
cross_preset,edu-flat-v2,playful-soft,0.5037
cross_preset,edu-flat-v2,playful-soft,0.5872
cross_preset,edu-flat-v2,playful-soft,0.5841
cross_preset,edu-flat-v2,playful-soft,0.5487
cross_preset,edu-flat-v2,playful-soft,0.582
cross_preset,edu-flat-v2,playful-soft,0.4925
cross_preset,edu-flat-v2,playful-soft,0.6381
cross_preset,edu-flat-v2,playful-soft,0.6235
cross_preset,edu-flat-v2,playful-soft,0.6
cross_preset,edu-flat-v2,playful-soft,0.5317
cross_preset,edu-flat-v2,playful-soft,0.5238
cross_preset,edu-flat-v2,playful-soft,0.6575
cross_preset,edu-flat-v2,playful-soft,0.6167
cross_preset,edu-flat-v2,playful-soft,0.6273
cross_preset,edu-flat-v2,playful-soft,0.5761
cross_preset,edu-flat-v2,playful-soft,0.6062
cross_preset,edu-flat-v2,playful-soft,0.6776
cross_preset,edu-flat-v2,playful-soft,0.6181
cross_preset,edu-flat-v2,playful-soft,0.7589
cross_preset,edu-flat-v2,playful-soft,0.613
cross_preset,edu-flat-v2,playful-soft,0.6275
cross_preset,edu-flat-v2,playful-soft,0.4662
cross_preset,edu-flat-v2,playful-soft,0.537
cross_preset,edu-flat-v2,playful-soft,0.5095
cross_preset,edu-flat-v2,playful-soft,0.5465
cross_preset,edu-flat-v2,playful-soft,0.502
cross_preset,edu-flat-v2,playful-soft,0.5087
cross_preset,edu-flat-v2,playful-soft,0.4561
cross_preset,edu-flat-v2,playful-soft,0.5072
cross_preset,edu-flat-v2,playful-soft,0.4928
cross_preset,edu-flat-v2,playful-soft,0.5358
cross_preset,edu-flat-v2,playful-soft,0.6036
cross_preset,edu-flat-v2,playful-soft,0.7046
cross_preset,edu-flat-v2,playful-soft,0.6354
cross_preset,edu-flat-v2,playful-soft,0.6409
cross_preset,edu-flat-v2,playful-soft,0.6551
cross_preset,edu-flat-v2,playful-soft,0.6583
cross_preset,edu-flat-v2,playful-soft,0.5879
cross_preset,edu-flat-v2,playful-soft,0.6754
cross_preset,edu-flat-v2,playful-soft,0.6501
cross_preset,edu-flat-v2,playful-soft,0.7956
cross_preset,edu-flat-v2,storybook-scene,0.4796
cross_preset,edu-flat-v2,storybook-scene,0.4808
cross_preset,edu-flat-v2,storybook-scene,0.4787
cross_preset,edu-flat-v2,storybook-scene,0.6048
cross_preset,edu-flat-v2,storybook-scene,0.418
cross_preset,edu-flat-v2,storybook-scene,0.4945
cross_preset,edu-flat-v2,storybook-scene,0.488
cross_preset,edu-flat-v2,storybook-scene,0.3497
cross_preset,edu-flat-v2,storybook-scene,0.42
cross_preset,edu-flat-v2,storybook-scene,0.4711
cross_preset,edu-flat-v2,storybook-scene,0.4363
cross_preset,edu-flat-v2,storybook-scene,0.41
cross_preset,edu-flat-v2,storybook-scene,0.4056
cross_preset,edu-flat-v2,storybook-scene,0.6199
cross_preset,edu-flat-v2,storybook-scene,0.2964
cross_preset,edu-flat-v2,storybook-scene,0.4439
cross_preset,edu-flat-v2,storybook-scene,0.3885
cross_preset,edu-flat-v2,storybook-scene,0.3121
cross_preset,edu-flat-v2,storybook-scene,0.3224
cross_preset,edu-flat-v2,storybook-scene,0.4299
cross_preset,edu-flat-v2,storybook-scene,0.507
cross_preset,edu-flat-v2,storybook-scene,0.4647
cross_preset,edu-flat-v2,storybook-scene,0.499
cross_preset,edu-flat-v2,storybook-scene,0.5333
cross_preset,edu-flat-v2,storybook-scene,0.3334
cross_preset,edu-flat-v2,storybook-scene,0.3997
cross_preset,edu-flat-v2,storybook-scene,0.4264
cross_preset,edu-flat-v2,storybook-scene,0.4895
cross_preset,edu-flat-v2,storybook-scene,0.4558
cross_preset,edu-flat-v2,storybook-scene,0.4997
cross_preset,edu-flat-v2,storybook-scene,0.407
cross_preset,edu-flat-v2,storybook-scene,0.4237
cross_preset,edu-flat-v2,storybook-scene,0.3904
cross_preset,edu-flat-v2,storybook-scene,0.4852
cross_preset,edu-flat-v2,storybook-scene,0.3874
cross_preset,edu-flat-v2,storybook-scene,0.4601
cross_preset,edu-flat-v2,storybook-scene,0.3517
cross_preset,edu-flat-v2,storybook-scene,0.2843
cross_preset,edu-flat-v2,storybook-scene,0.3709
cross_preset,edu-flat-v2,storybook-scene,0.3526
cross_preset,edu-flat-v2,storybook-scene,0.4389
cross_preset,edu-flat-v2,storybook-scene,0.3825
cross_preset,edu-flat-v2,storybook-scene,0.4533
cross_preset,edu-flat-v2,storybook-scene,0.4984
cross_preset,edu-flat-v2,storybook-scene,0.3116
cross_preset,edu-flat-v2,storybook-scene,0.3459
cross_preset,edu-flat-v2,storybook-scene,0.4043
cross_preset,edu-flat-v2,storybook-scene,0.3368
cross_preset,edu-flat-v2,storybook-scene,0.4143
cross_preset,edu-flat-v2,storybook-scene,0.486
cross_preset,edu-flat-v2,storybook-scene,0.4638
cross_preset,edu-flat-v2,storybook-scene,0.4675
cross_preset,edu-flat-v2,storybook-scene,0.4343
cross_preset,edu-flat-v2,storybook-scene,0.577
cross_preset,edu-flat-v2,storybook-scene,0.3628
cross_preset,edu-flat-v2,storybook-scene,0.4411
cross_preset,edu-flat-v2,storybook-scene,0.4757
cross_preset,edu-flat-v2,storybook-scene,0.2931
cross_preset,edu-flat-v2,storybook-scene,0.4246
cross_preset,edu-flat-v2,storybook-scene,0.4448
cross_preset,edu-flat-v2,storybook-scene,0.4412
cross_preset,edu-flat-v2,storybook-scene,0.3548
cross_preset,edu-flat-v2,storybook-scene,0.5766
cross_preset,edu-flat-v2,storybook-scene,0.4441
cross_preset,edu-flat-v2,storybook-scene,0.2939
cross_preset,edu-flat-v2,storybook-scene,0.3002
cross_preset,edu-flat-v2,storybook-scene,0.4172
cross_preset,edu-flat-v2,storybook-scene,0.3335
cross_preset,edu-flat-v2,storybook-scene,0.5103
cross_preset,edu-flat-v2,storybook-scene,0.4389
cross_preset,edu-flat-v2,storybook-scene,0.4926
cross_preset,edu-flat-v2,storybook-scene,0.4521
cross_preset,edu-flat-v2,storybook-scene,0.4471
cross_preset,edu-flat-v2,storybook-scene,0.5652
cross_preset,edu-flat-v2,storybook-scene,0.3682
cross_preset,edu-flat-v2,storybook-scene,0.4554
cross_preset,edu-flat-v2,storybook-scene,0.3722
cross_preset,edu-flat-v2,storybook-scene,0.3469
cross_preset,edu-flat-v2,storybook-scene,0.433
cross_preset,edu-flat-v2,storybook-scene,0.4773
cross_preset,edu-flat-v2,storybook-scene,0.3975
cross_preset,edu-flat-v2,storybook-scene,0.4413
cross_preset,edu-flat-v2,storybook-scene,0.4209
cross_preset,edu-flat-v2,storybook-scene,0.4624
cross_preset,edu-flat-v2,storybook-scene,0.3491
cross_preset,edu-flat-v2,storybook-scene,0.3839
cross_preset,edu-flat-v2,storybook-scene,0.3416
cross_preset,edu-flat-v2,storybook-scene,0.3429
cross_preset,edu-flat-v2,storybook-scene,0.4016
cross_preset,edu-flat-v2,storybook-scene,0.3373
cross_preset,edu-flat-v2,storybook-scene,0.4815
cross_preset,edu-flat-v2,storybook-scene,0.4333
cross_preset,edu-flat-v2,storybook-scene,0.4484
cross_preset,edu-flat-v2,storybook-scene,0.5434
cross_preset,edu-flat-v2,storybook-scene,0.318
cross_preset,edu-flat-v2,storybook-scene,0.3792
cross_preset,edu-flat-v2,storybook-scene,0.4254
cross_preset,edu-flat-v2,storybook-scene,0.2983
cross_preset,edu-flat-v2,storybook-scene,0.4072
cross_preset,edu-flat-v2,storybook-scene,0.4404
cross_preset,edu-flat-v2,storybook-scene,0.4308
cross_preset,edu-flat-v2,storybook-scene,0.4659
cross_preset,edu-flat-v2,storybook-scene,0.3935
cross_preset,edu-flat-v2,storybook-scene,0.5539
cross_preset,edu-flat-v2,storybook-scene,0.3986
cross_preset,edu-flat-v2,storybook-scene,0.4631
cross_preset,edu-flat-v2,storybook-scene,0.3915
cross_preset,edu-flat-v2,storybook-scene,0.307
cross_preset,edu-flat-v2,storybook-scene,0.4138
cross_preset,edu-flat-v2,storybook-scene,0.4433
cross_preset,edu-flat-v2,storybook-scene,0.4839
cross_preset,edu-flat-v2,storybook-scene,0.4855
cross_preset,edu-flat-v2,storybook-scene,0.5302
cross_preset,edu-flat-v2,storybook-scene,0.5181
cross_preset,edu-flat-v2,storybook-scene,0.3753
cross_preset,edu-flat-v2,storybook-scene,0.428
cross_preset,edu-flat-v2,storybook-scene,0.4355
cross_preset,edu-flat-v2,storybook-scene,0.4521
cross_preset,edu-flat-v2,storybook-scene,0.4523
cross_preset,edu-flat-v2,storybook-scene,0.5105
cross_preset,edu-flat-v2,storybook-scene,0.4533
cross_preset,edu-flat-v2,storybook-scene,0.4656
cross_preset,edu-flat-v2,storybook-scene,0.4675
cross_preset,edu-flat-v2,storybook-scene,0.5248
cross_preset,edu-flat-v2,storybook-scene,0.4502
cross_preset,edu-flat-v2,storybook-scene,0.4528
cross_preset,edu-flat-v2,storybook-scene,0.4115
cross_preset,edu-flat-v2,storybook-scene,0.3913
cross_preset,edu-flat-v2,storybook-scene,0.4325
cross_preset,edu-flat-v2,storybook-scene,0.4383
cross_preset,edu-flat-v2,storybook-scene,0.3448
cross_preset,edu-flat-v2,storybook-scene,0.4131
cross_preset,edu-flat-v2,storybook-scene,0.3115
cross_preset,edu-flat-v2,storybook-scene,0.5805
cross_preset,edu-flat-v2,storybook-scene,0.2701
cross_preset,edu-flat-v2,storybook-scene,0.4252
cross_preset,edu-flat-v2,storybook-scene,0.3257
cross_preset,edu-flat-v2,storybook-scene,0.2361
cross_preset,edu-flat-v2,storybook-scene,0.2578
cross_preset,edu-flat-v2,storybook-scene,0.3753
cross_preset,edu-flat-v2,storybook-scene,0.4815
cross_preset,edu-flat-v2,storybook-scene,0.4246
cross_preset,edu-flat-v2,storybook-scene,0.4418
cross_preset,edu-flat-v2,storybook-scene,0.5289
cross_preset,edu-flat-v2,storybook-scene,0.3572
cross_preset,edu-flat-v2,storybook-scene,0.4285
cross_preset,edu-flat-v2,storybook-scene,0.3758
cross_preset,edu-flat-v2,storybook-scene,0.3139
cross_preset,edu-flat-v2,storybook-scene,0.4083
cross_preset,edu-flat-v2,storybook-scene,0.3842
cross_preset,observational,playful-soft,0.4572
cross_preset,observational,playful-soft,0.4412
cross_preset,observational,playful-soft,0.4467
cross_preset,observational,playful-soft,0.4346
cross_preset,observational,playful-soft,0.4233
cross_preset,observational,playful-soft,0.4303
cross_preset,observational,playful-soft,0.4027
cross_preset,observational,playful-soft,0.5784
cross_preset,observational,playful-soft,0.4042
cross_preset,observational,playful-soft,0.4747
cross_preset,observational,playful-soft,0.357
cross_preset,observational,playful-soft,0.3811
cross_preset,observational,playful-soft,0.371
cross_preset,observational,playful-soft,0.394
cross_preset,observational,playful-soft,0.3596
cross_preset,observational,playful-soft,0.3712
cross_preset,observational,playful-soft,0.3507
cross_preset,observational,playful-soft,0.4017
cross_preset,observational,playful-soft,0.2924
cross_preset,observational,playful-soft,0.3434
cross_preset,observational,playful-soft,0.4019
cross_preset,observational,playful-soft,0.384
cross_preset,observational,playful-soft,0.3397
cross_preset,observational,playful-soft,0.4847
cross_preset,observational,playful-soft,0.3533
cross_preset,observational,playful-soft,0.4225
cross_preset,observational,playful-soft,0.4258
cross_preset,observational,playful-soft,0.4144
cross_preset,observational,playful-soft,0.364
cross_preset,observational,playful-soft,0.3754
cross_preset,observational,playful-soft,0.4774
cross_preset,observational,playful-soft,0.4977
cross_preset,observational,playful-soft,0.4535
cross_preset,observational,playful-soft,0.4815
cross_preset,observational,playful-soft,0.4517
cross_preset,observational,playful-soft,0.4941
cross_preset,observational,playful-soft,0.4754
cross_preset,observational,playful-soft,0.6306
cross_preset,observational,playful-soft,0.44
cross_preset,observational,playful-soft,0.5362
cross_preset,observational,playful-soft,0.247
cross_preset,observational,playful-soft,0.2505
cross_preset,observational,playful-soft,0.2711
cross_preset,observational,playful-soft,0.3345
cross_preset,observational,playful-soft,0.2544
cross_preset,observational,playful-soft,0.2947
cross_preset,observational,playful-soft,0.2692
cross_preset,observational,playful-soft,0.2911
cross_preset,observational,playful-soft,0.2381
cross_preset,observational,playful-soft,0.2493
cross_preset,observational,playful-soft,0.4146
cross_preset,observational,playful-soft,0.3954
cross_preset,observational,playful-soft,0.3744
cross_preset,observational,playful-soft,0.4323
cross_preset,observational,playful-soft,0.4174
cross_preset,observational,playful-soft,0.3886
cross_preset,observational,playful-soft,0.3188
cross_preset,observational,playful-soft,0.4527
cross_preset,observational,playful-soft,0.4132
cross_preset,observational,playful-soft,0.4374
cross_preset,observational,playful-soft,0.301
cross_preset,observational,playful-soft,0.3086
cross_preset,observational,playful-soft,0.3522
cross_preset,observational,playful-soft,0.4247
cross_preset,observational,playful-soft,0.3302
cross_preset,observational,playful-soft,0.2962
cross_preset,observational,playful-soft,0.2406
cross_preset,observational,playful-soft,0.2877
cross_preset,observational,playful-soft,0.2555
cross_preset,observational,playful-soft,0.3085
cross_preset,observational,playful-soft,0.2941
cross_preset,observational,playful-soft,0.3582
cross_preset,observational,playful-soft,0.3415
cross_preset,observational,playful-soft,0.3831
cross_preset,observational,playful-soft,0.3272
cross_preset,observational,playful-soft,0.3305
cross_preset,observational,playful-soft,0.2885
cross_preset,observational,playful-soft,0.343
cross_preset,observational,playful-soft,0.3006
cross_preset,observational,playful-soft,0.3484
cross_preset,observational,playful-soft,0.3543
cross_preset,observational,playful-soft,0.388
cross_preset,observational,playful-soft,0.3436
cross_preset,observational,playful-soft,0.5108
cross_preset,observational,playful-soft,0.316
cross_preset,observational,playful-soft,0.3248
cross_preset,observational,playful-soft,0.3231
cross_preset,observational,playful-soft,0.3754
cross_preset,observational,playful-soft,0.3597
cross_preset,observational,playful-soft,0.3784
cross_preset,observational,playful-soft,0.4608
cross_preset,observational,playful-soft,0.3934
cross_preset,observational,playful-soft,0.454
cross_preset,observational,playful-soft,0.3686
cross_preset,observational,playful-soft,0.3782
cross_preset,observational,playful-soft,0.4345
cross_preset,observational,playful-soft,0.4081
cross_preset,observational,playful-soft,0.4677
cross_preset,observational,playful-soft,0.3437
cross_preset,observational,playful-soft,0.378
cross_preset,observational,storybook-scene,0.3419
cross_preset,observational,storybook-scene,0.4193
cross_preset,observational,storybook-scene,0.4277
cross_preset,observational,storybook-scene,0.3507
cross_preset,observational,storybook-scene,0.2534
cross_preset,observational,storybook-scene,0.3305
cross_preset,observational,storybook-scene,0.2321
cross_preset,observational,storybook-scene,0.3131
cross_preset,observational,storybook-scene,0.4744
cross_preset,observational,storybook-scene,0.3386
cross_preset,observational,storybook-scene,0.3339
cross_preset,observational,storybook-scene,0.3556
cross_preset,observational,storybook-scene,0.3925
cross_preset,observational,storybook-scene,0.3145
cross_preset,observational,storybook-scene,0.1818
cross_preset,observational,storybook-scene,0.2819
cross_preset,observational,storybook-scene,0.2062
cross_preset,observational,storybook-scene,0.2766
cross_preset,observational,storybook-scene,0.4958
cross_preset,observational,storybook-scene,0.2268
cross_preset,observational,storybook-scene,0.3869
cross_preset,observational,storybook-scene,0.3938
cross_preset,observational,storybook-scene,0.4197
cross_preset,observational,storybook-scene,0.3536
cross_preset,observational,storybook-scene,0.256
cross_preset,observational,storybook-scene,0.3056
cross_preset,observational,storybook-scene,0.2516
cross_preset,observational,storybook-scene,0.4035
cross_preset,observational,storybook-scene,0.4465
cross_preset,observational,storybook-scene,0.335
cross_preset,observational,storybook-scene,0.3174
cross_preset,observational,storybook-scene,0.4032
cross_preset,observational,storybook-scene,0.3763
cross_preset,observational,storybook-scene,0.3235
cross_preset,observational,storybook-scene,0.2861
cross_preset,observational,storybook-scene,0.3042
cross_preset,observational,storybook-scene,0.1846
cross_preset,observational,storybook-scene,0.3054
cross_preset,observational,storybook-scene,0.4066
cross_preset,observational,storybook-scene,0.2805
cross_preset,observational,storybook-scene,0.1477
cross_preset,observational,storybook-scene,0.1776
cross_preset,observational,storybook-scene,0.0958
cross_preset,observational,storybook-scene,0.1656
cross_preset,observational,storybook-scene,0.1656
cross_preset,observational,storybook-scene,0.1476
cross_preset,observational,storybook-scene,0.0152
cross_preset,observational,storybook-scene,0.0989
cross_preset,observational,storybook-scene,0.2139
cross_preset,observational,storybook-scene,0.1335
cross_preset,observational,storybook-scene,0.3127
cross_preset,observational,storybook-scene,0.3317
cross_preset,observational,storybook-scene,0.4163
cross_preset,observational,storybook-scene,0.3812
cross_preset,observational,storybook-scene,0.246
cross_preset,observational,storybook-scene,0.3063
cross_preset,observational,storybook-scene,0.3004
cross_preset,observational,storybook-scene,0.2619
cross_preset,observational,storybook-scene,0.4012
cross_preset,observational,storybook-scene,0.2932
cross_preset,observational,storybook-scene,0.2712
cross_preset,observational,storybook-scene,0.3301
cross_preset,observational,storybook-scene,0.3358
cross_preset,observational,storybook-scene,0.4186
cross_preset,observational,storybook-scene,0.1654
cross_preset,observational,storybook-scene,0.2999
cross_preset,observational,storybook-scene,0.2214
cross_preset,observational,storybook-scene,0.2757
cross_preset,observational,storybook-scene,0.4401
cross_preset,observational,storybook-scene,0.2001
cross_preset,observational,storybook-scene,0.2653
cross_preset,observational,storybook-scene,0.3753
cross_preset,observational,storybook-scene,0.2994
cross_preset,observational,storybook-scene,0.3226
cross_preset,observational,storybook-scene,0.1791
cross_preset,observational,storybook-scene,0.2894
cross_preset,observational,storybook-scene,0.1107
cross_preset,observational,storybook-scene,0.1957
cross_preset,observational,storybook-scene,0.4523
cross_preset,observational,storybook-scene,0.1818
cross_preset,observational,storybook-scene,0.2244
cross_preset,observational,storybook-scene,0.3248
cross_preset,observational,storybook-scene,0.3048
cross_preset,observational,storybook-scene,0.3566
cross_preset,observational,storybook-scene,0.1444
cross_preset,observational,storybook-scene,0.2893
cross_preset,observational,storybook-scene,0.1546
cross_preset,observational,storybook-scene,0.2379
cross_preset,observational,storybook-scene,0.3238
cross_preset,observational,storybook-scene,0.1984
cross_preset,observational,storybook-scene,0.3122
cross_preset,observational,storybook-scene,0.4482
cross_preset,observational,storybook-scene,0.4621
cross_preset,observational,storybook-scene,0.3741
cross_preset,observational,storybook-scene,0.2759
cross_preset,observational,storybook-scene,0.3235
cross_preset,observational,storybook-scene,0.3195
cross_preset,observational,storybook-scene,0.3602
cross_preset,observational,storybook-scene,0.41
cross_preset,observational,storybook-scene,0.4315
cross_preset,playful-soft,storybook-scene,0.4309
cross_preset,playful-soft,storybook-scene,0.3972
cross_preset,playful-soft,storybook-scene,0.4289
cross_preset,playful-soft,storybook-scene,0.4427
cross_preset,playful-soft,storybook-scene,0.4447
cross_preset,playful-soft,storybook-scene,0.4247
cross_preset,playful-soft,storybook-scene,0.3524
cross_preset,playful-soft,storybook-scene,0.4011
cross_preset,playful-soft,storybook-scene,0.3916
cross_preset,playful-soft,storybook-scene,0.3659
cross_preset,playful-soft,storybook-scene,0.4536
cross_preset,playful-soft,storybook-scene,0.3975
cross_preset,playful-soft,storybook-scene,0.4149
cross_preset,playful-soft,storybook-scene,0.484
cross_preset,playful-soft,storybook-scene,0.46
cross_preset,playful-soft,storybook-scene,0.4345
cross_preset,playful-soft,storybook-scene,0.3492
cross_preset,playful-soft,storybook-scene,0.3893
cross_preset,playful-soft,storybook-scene,0.3632
cross_preset,playful-soft,storybook-scene,0.3786
cross_preset,playful-soft,storybook-scene,0.4122
cross_preset,playful-soft,storybook-scene,0.3622
cross_preset,playful-soft,storybook-scene,0.3959
cross_preset,playful-soft,storybook-scene,0.4782
cross_preset,playful-soft,storybook-scene,0.4212
cross_preset,playful-soft,storybook-scene,0.4303
cross_preset,playful-soft,storybook-scene,0.4893
cross_preset,playful-soft,storybook-scene,0.2994
cross_preset,playful-soft,storybook-scene,0.3437
cross_preset,playful-soft,storybook-scene,0.3292
cross_preset,playful-soft,storybook-scene,0.429
cross_preset,playful-soft,storybook-scene,0.3914
cross_preset,playful-soft,storybook-scene,0.383
cross_preset,playful-soft,storybook-scene,0.5404
cross_preset,playful-soft,storybook-scene,0.4623
cross_preset,playful-soft,storybook-scene,0.4585
cross_preset,playful-soft,storybook-scene,0.3336
cross_preset,playful-soft,storybook-scene,0.3647
cross_preset,playful-soft,storybook-scene,0.3538
cross_preset,playful-soft,storybook-scene,0.3285
cross_preset,playful-soft,storybook-scene,0.4066
cross_preset,playful-soft,storybook-scene,0.4028
cross_preset,playful-soft,storybook-scene,0.3552
cross_preset,playful-soft,storybook-scene,0.5048
cross_preset,playful-soft,storybook-scene,0.5708
cross_preset,playful-soft,storybook-scene,0.5002
cross_preset,playful-soft,storybook-scene,0.3488
cross_preset,playful-soft,storybook-scene,0.332
cross_preset,playful-soft,storybook-scene,0.3381
cross_preset,playful-soft,storybook-scene,0.3077
cross_preset,playful-soft,storybook-scene,0.4951
cross_preset,playful-soft,storybook-scene,0.451
cross_preset,playful-soft,storybook-scene,0.4695
cross_preset,playful-soft,storybook-scene,0.5127
cross_preset,playful-soft,storybook-scene,0.5334
cross_preset,playful-soft,storybook-scene,0.4992
cross_preset,playful-soft,storybook-scene,0.4249
cross_preset,playful-soft,storybook-scene,0.4576
cross_preset,playful-soft,storybook-scene,0.3859
cross_preset,playful-soft,storybook-scene,0.4149
cross_preset,playful-soft,storybook-scene,0.4222
cross_preset,playful-soft,storybook-scene,0.412
cross_preset,playful-soft,storybook-scene,0.4321
cross_preset,playful-soft,storybook-scene,0.4292
cross_preset,playful-soft,storybook-scene,0.4475
cross_preset,playful-soft,storybook-scene,0.3684
cross_preset,playful-soft,storybook-scene,0.3081
cross_preset,playful-soft,storybook-scene,0.4339
cross_preset,playful-soft,storybook-scene,0.3756
cross_preset,playful-soft,storybook-scene,0.3489
cross_preset,playful-soft,storybook-scene,0.4328
cross_preset,playful-soft,storybook-scene,0.4441
cross_preset,playful-soft,storybook-scene,0.458
cross_preset,playful-soft,storybook-scene,0.4521
cross_preset,playful-soft,storybook-scene,0.5135
cross_preset,playful-soft,storybook-scene,0.4416
cross_preset,playful-soft,storybook-scene,0.3608
cross_preset,playful-soft,storybook-scene,0.4036
cross_preset,playful-soft,storybook-scene,0.3931
cross_preset,playful-soft,storybook-scene,0.3994
cross_preset,playful-soft,storybook-scene,0.4294
cross_preset,playful-soft,storybook-scene,0.3975
cross_preset,playful-soft,storybook-scene,0.3967
cross_preset,playful-soft,storybook-scene,0.4807
cross_preset,playful-soft,storybook-scene,0.5314
cross_preset,playful-soft,storybook-scene,0.4338
cross_preset,playful-soft,storybook-scene,0.3162
cross_preset,playful-soft,storybook-scene,0.3846
cross_preset,playful-soft,storybook-scene,0.3605
cross_preset,playful-soft,storybook-scene,0.3615
cross_preset,playful-soft,storybook-scene,0.4396
cross_preset,playful-soft,storybook-scene,0.367
cross_preset,playful-soft,storybook-scene,0.405
cross_preset,playful-soft,storybook-scene,0.4636
cross_preset,playful-soft,storybook-scene,0.447
cross_preset,playful-soft,storybook-scene,0.4123
cross_preset,playful-soft,storybook-scene,0.3693
cross_preset,playful-soft,storybook-scene,0.3225
cross_preset,playful-soft,storybook-scene,0.3469
cross_preset,playful-soft,storybook-scene,0.3547
