run,model,item_id,vqascore,custom_cv,csd,csd_provisional,judge_pass_rate,judge_axes_applicable,judge_parse_errors,harmonic,missing_components
v231_lumina2,lumina2,bench_v1_001,0.8654,0.7974,0.5397,False,,,,0.7038,judge_pass_rate
v231_lumina2,lumina2,bench_v1_002,0.9092,0.7688,0.4661,False,,,,0.6599,judge_pass_rate
v231_lumina2,lumina2,bench_v1_003,0.896,0.771,0.4848,False,,,,0.6703,judge_pass_rate
v231_lumina2,lumina2,bench_v1_004,0.749,0.7812,0.471,False,,,,0.6331,judge_pass_rate
v231_lumina2,lumina2,bench_v1_005,0.9516,0.7163,0.4323,False,,,,0.6302,judge_pass_rate
v231_lumina2,lumina2,bench_v1_006,0.9208,0.7785,0.4543,False,1.0,attribute,,0.7179,
v231_lumina2,lumina2,bench_v1_007,0.8842,0.747,0.473,False,,,,0.6545,judge_pass_rate
v231_lumina2,lumina2,bench_v1_008,0.9185,0.742,0.3438,False,,,,0.5613,judge_pass_rate
v231_lumina2,lumina2,bench_v1_009,0.8782,0.7641,0.4069,False,1.0,attribute,,0.6774,
v231_lumina2,lumina2,bench_v1_010,0.9136,0.7509,0.5133,False,,,,0.6858,judge_pass_rate
v231_lumina2,lumina2,bench_v1_011,0.8872,0.763,0.4991,False,1.0,spatial,,0.7351,
v231_lumina2,lumina2,bench_v1_012,0.8621,0.7316,0.5053,False,1.0,"attribute,counting",,0.7265,
v231_lumina2,lumina2,bench_v1_013,0.896,0.7288,0.3798,False,1.0,"attribute,spatial",,0.6535,
v231_lumina2,lumina2,bench_v1_014,0.8842,0.815,0.5274,False,,,,0.7052,judge_pass_rate
v231_lumina2,lumina2,bench_v1_015,0.9114,0.7816,0.5836,False,,,,0.7335,judge_pass_rate
v231_lumina2,lumina2,bench_v1_016,0.8545,0.8044,0.4192,False,,,,0.6251,judge_pass_rate
v231_lumina2,lumina2,bench_v1_017,0.8842,0.8173,0.5359,False,,,,0.7108,judge_pass_rate
v231_lumina2,lumina2,bench_v1_018,0.8816,0.7277,0.5882,False,1.0,"counting,spatial",,0.768,
v231_lumina2,lumina2,bench_v1_019,0.9065,0.7483,0.5178,False,1.0,attribute,,0.7448,
v231_lumina2,lumina2,bench_v1_020,0.8114,0.767,0.5334,False,1.0,spatial,,0.7392,
v231_lumina2,lumina2,bench_v1_021,0.8688,0.7577,0.5198,False,1.0,"counting,spatial",,0.7415,
v231_lumina2,lumina2,bench_v1_022,0.8748,0.7992,0.5327,False,1.0,"attribute,counting",,0.7588,
v231_lumina2,lumina2,bench_v1_023,0.9185,0.7636,0.4866,False,,,,0.6736,judge_pass_rate
v231_lumina2,lumina2,bench_v1_024,0.847,0.7228,0.4646,False,1.0,spatial,,0.6997,
v231_lumina2,lumina2,bench_v1_025,0.8933,0.7922,0.4379,False,1.0,counting,,0.706,
v231_lumina2,lumina2,bench_v1_026,0.9307,0.7792,0.4081,False,,,,0.6239,judge_pass_rate
v231_lumina2,lumina2,bench_v1_027,0.7345,0.7734,0.5539,False,1.0,spatial,,0.7326,
v231_lumina2,lumina2,bench_v1_028,0.9417,0.7118,0.3837,False,1.0,"counting,spatial",,0.6587,
v231_lumina2,lumina2,bench_v1_029,0.8816,0.7538,0.46,False,1.0,"attribute,counting,spatial",,0.7099,
v231_lumina2,lumina2,bench_v1_030,0.9092,0.752,0.4944,False,1.0,"attribute,spatial",,0.7336,
v231_lumina2,lumina2,bench_v1_031,0.8748,0.7633,0.5131,False,,,,0.6815,judge_pass_rate
v231_lumina2,lumina2,bench_v1_032,0.9039,0.7824,0.4564,False,,,,0.6557,judge_pass_rate
v231_lumina2,lumina2,bench_v1_033,0.8323,0.7805,0.4597,False,1.0,attribute,,0.707,
v231_lumina2,lumina2,bench_v1_034,0.8194,0.7536,0.5214,False,0.0,spatial,,0.0,
v231_lumina2,lumina2,bench_v1_035,0.8933,0.7795,0.4104,False,,,,0.62,judge_pass_rate
v231_lumina2,lumina2,bench_v1_036,0.8816,0.7974,0.5627,False,1.0,"attribute,counting,spatial",,0.7744,
v231_lumina2,lumina2,bench_v1_037,0.9401,0.8123,0.5286,False,,,,0.7166,judge_pass_rate
v231_lumina2,lumina2,bench_v1_038,0.8323,0.7838,0.5083,False,,,,0.675,judge_pass_rate
v231_lumina2,lumina2,bench_v1_039,0.9163,0.7997,0.4629,False,,,,0.6664,judge_pass_rate
v231_lumina2,lumina2,bench_v1_040,0.9012,0.7999,0.5907,False,1.0,spatial,,0.7917,
v232_pixart-sigma,pixart-sigma,bench_v1_001,0.8688,0.8231,0.4815,False,,,,0.6753,judge_pass_rate
v232_pixart-sigma,pixart-sigma,bench_v1_002,0.8816,0.8297,0.5424,False,,,,0.7172,judge_pass_rate
v232_pixart-sigma,pixart-sigma,bench_v1_003,0.896,0.7858,0.4837,False,,,,0.6732,judge_pass_rate
v232_pixart-sigma,pixart-sigma,bench_v1_004,0.798,0.7646,0.4609,False,,,,0.6342,judge_pass_rate
v232_pixart-sigma,pixart-sigma,bench_v1_005,0.896,0.7653,0.5718,False,,,,0.7191,judge_pass_rate
v232_pixart-sigma,pixart-sigma,bench_v1_006,0.8903,0.8128,0.3867,False,1.0,attribute,,0.6735,
v232_pixart-sigma,pixart-sigma,bench_v1_007,0.8903,0.7915,0.4368,False,,,,0.6416,judge_pass_rate
v232_pixart-sigma,pixart-sigma,bench_v1_008,0.8903,0.8153,0.4964,False,,,,0.6874,judge_pass_rate
v232_pixart-sigma,pixart-sigma,bench_v1_009,0.8621,0.7349,0.3791,False,1.0,attribute,,0.6495,
v232_pixart-sigma,pixart-sigma,bench_v1_010,0.9136,0.7496,0.4441,False,,,,0.641,judge_pass_rate
v232_pixart-sigma,pixart-sigma,bench_v1_011,0.9012,0.7753,0.5426,False,1.0,spatial,,0.763,
v232_pixart-sigma,pixart-sigma,bench_v1_012,0.7231,0.6859,0.4879,False,0.5,"attribute,counting",,0.5805,
v232_pixart-sigma,pixart-sigma,bench_v1_013,0.8903,0.7262,0.4487,False,1.0,"attribute,spatial",,0.6982,
v232_pixart-sigma,pixart-sigma,bench_v1_014,0.896,0.8024,0.5238,False,,,,0.7023,judge_pass_rate
v232_pixart-sigma,pixart-sigma,bench_v1_015,0.9012,0.8033,0.551,False,,,,0.7195,judge_pass_rate
v232_pixart-sigma,pixart-sigma,bench_v1_016,0.5788,0.8238,0.5234,False,,,,0.6183,judge_pass_rate
v232_pixart-sigma,pixart-sigma,bench_v1_017,0.8654,0.8204,0.5267,False,,,,0.7021,judge_pass_rate
v232_pixart-sigma,pixart-sigma,bench_v1_018,0.8782,0.7819,0.5492,False,1.0,"counting,spatial",,0.7636,
v232_pixart-sigma,pixart-sigma,bench_v1_019,0.8512,0.8247,0.3958,False,1.0,attribute,,0.6764,
v232_pixart-sigma,pixart-sigma,bench_v1_020,0.798,0.7096,0.493,False,0.0,spatial,,0.0,
v232_pixart-sigma,pixart-sigma,bench_v1_021,0.7796,0.7775,0.4272,False,1.0,"counting,spatial",,0.6769,
v232_pixart-sigma,pixart-sigma,bench_v1_022,0.8621,0.7936,0.4686,False,1.0,"attribute,counting",,0.7202,
v232_pixart-sigma,pixart-sigma,bench_v1_023,0.8933,0.8094,0.4115,False,,,,0.627,judge_pass_rate
v232_pixart-sigma,pixart-sigma,bench_v1_024,0.6674,0.802,0.5143,False,1.0,spatial,,0.703,
v232_pixart-sigma,pixart-sigma,bench_v1_025,0.8722,0.8193,0.4306,False,0.0,counting,,0.0,
v232_pixart-sigma,pixart-sigma,bench_v1_026,0.9385,0.8037,0.3572,False,,,,0.5872,judge_pass_rate
v232_pixart-sigma,pixart-sigma,bench_v1_027,0.7593,0.7774,0.4914,False,1.0,spatial,,0.7094,
v232_pixart-sigma,pixart-sigma,bench_v1_028,0.7652,0.753,0.3538,False,0.5,"counting,spatial",,0.5361,
v232_pixart-sigma,pixart-sigma,bench_v1_029,0.8355,0.8032,0.4138,False,0.6667,"attribute,counting,spatial",,0.6291,
v232_pixart-sigma,pixart-sigma,bench_v1_030,0.9208,0.8062,0.3987,False,1.0,"attribute,spatial",,0.6856,
v232_pixart-sigma,pixart-sigma,bench_v1_031,0.8545,0.8285,0.437,False,,,,0.643,judge_pass_rate
v232_pixart-sigma,pixart-sigma,bench_v1_032,0.8903,0.7804,0.5004,False,,,,0.6814,judge_pass_rate
v232_pixart-sigma,pixart-sigma,bench_v1_033,0.8437,0.8143,0.4569,False,1.0,attribute,,0.714,
v232_pixart-sigma,pixart-sigma,bench_v1_034,0.8621,0.7656,0.5105,False,0.0,spatial,,0.0,
v232_pixart-sigma,pixart-sigma,bench_v1_035,0.8842,0.785,0.4166,False,,,,0.6243,judge_pass_rate
v232_pixart-sigma,pixart-sigma,bench_v1_036,0.8545,0.8078,0.5417,False,1.0,"attribute,counting,spatial",,0.7613,
v232_pixart-sigma,pixart-sigma,bench_v1_037,0.9039,0.8198,0.5568,False,,,,0.7278,judge_pass_rate
v232_pixart-sigma,pixart-sigma,bench_v1_038,0.8396,0.8233,0.4144,False,,,,0.6226,judge_pass_rate
v232_pixart-sigma,pixart-sigma,bench_v1_039,0.9271,0.7754,0.3796,False,,,,0.5997,judge_pass_rate
v232_pixart-sigma,pixart-sigma,bench_v1_040,0.8933,0.8162,0.5209,False,1.0,spatial,,0.7598,
v233_flux2-klein-4b-nf4,flux2-klein-4b-nf4,bench_v1_001,0.8986,0.8234,0.5048,False,,,,0.6963,judge_pass_rate
v233_flux2-klein-4b-nf4,flux2-klein-4b-nf4,bench_v1_002,0.9248,0.8164,0.4008,False,,,,0.6248,judge_pass_rate
v233_flux2-klein-4b-nf4,flux2-klein-4b-nf4,bench_v1_003,0.9181,0.8209,0.4244,False,,,,0.6433,judge_pass_rate
v233_flux2-klein-4b-nf4,flux2-klein-4b-nf4,bench_v1_004,0.8545,0.8155,0.4083,False,,,,0.6191,judge_pass_rate
v233_flux2-klein-4b-nf4,flux2-klein-4b-nf4,bench_v1_005,0.9114,0.811,0.5181,False,,,,0.7042,judge_pass_rate
v233_flux2-klein-4b-nf4,flux2-klein-4b-nf4,bench_v1_006,0.9163,0.8177,0.4855,False,1.0,attribute,,0.7443,
v233_flux2-klein-4b-nf4,flux2-klein-4b-nf4,bench_v1_007,0.8782,0.7345,0.442,False,,,,0.6299,judge_pass_rate
v233_flux2-klein-4b-nf4,flux2-klein-4b-nf4,bench_v1_008,0.8929,0.7814,0.3818,False,,,,0.5977,judge_pass_rate
v233_flux2-klein-4b-nf4,flux2-klein-4b-nf4,bench_v1_009,0.8545,0.7687,0.4396,False,1.0,attribute,,0.6961,
v233_flux2-klein-4b-nf4,flux2-klein-4b-nf4,bench_v1_010,0.8986,0.7435,0.5463,False,,,,0.6996,judge_pass_rate
v233_flux2-klein-4b-nf4,flux2-klein-4b-nf4,bench_v1_011,0.9012,0.7976,0.5178,False,1.0,spatial,,0.7555,
v233_flux2-klein-4b-nf4,flux2-klein-4b-nf4,bench_v1_012,0.8396,0.7178,0.4516,False,1.0,"attribute,counting",,0.6898,
v233_flux2-klein-4b-nf4,flux2-klein-4b-nf4,bench_v1_013,0.8986,0.7352,0.447,False,1.0,"attribute,spatial",,0.7005,
v233_flux2-klein-4b-nf4,flux2-klein-4b-nf4,bench_v1_014,0.8714,0.8228,0.4773,False,,,,0.6729,judge_pass_rate
v233_flux2-klein-4b-nf4,flux2-klein-4b-nf4,bench_v1_015,0.9271,0.7801,0.5419,False,,,,0.7133,judge_pass_rate
v233_flux2-klein-4b-nf4,flux2-klein-4b-nf4,bench_v1_016,0.4169,0.7782,0.4431,False,,,,0.505,judge_pass_rate
v233_flux2-klein-4b-nf4,flux2-klein-4b-nf4,bench_v1_017,0.8587,0.8234,0.4978,False,,,,0.6837,judge_pass_rate
v233_flux2-klein-4b-nf4,flux2-klein-4b-nf4,bench_v1_018,0.896,0.7926,0.569,False,1.0,"counting,spatial",,0.7789,
v233_flux2-klein-4b-nf4,flux2-klein-4b-nf4,bench_v1_019,0.8545,0.8112,0.4933,False,1.0,attribute,,0.7366,
v233_flux2-klein-4b-nf4,flux2-klein-4b-nf4,bench_v1_020,0.8688,0.7589,0.5635,False,1.0,spatial,,0.7629,
v233_flux2-klein-4b-nf4,flux2-klein-4b-nf4,bench_v1_021,0.847,0.7267,0.5015,False,1.0,"counting,spatial",,0.7206,
v233_flux2-klein-4b-nf4,flux2-klein-4b-nf4,bench_v1_022,0.8933,0.8182,0.5491,False,1.0,"attribute,counting",,0.7748,
v233_flux2-klein-4b-nf4,flux2-klein-4b-nf4,bench_v1_023,0.9136,0.7615,0.4183,False,,,,0.6252,judge_pass_rate
v233_flux2-klein-4b-nf4,flux2-klein-4b-nf4,bench_v1_024,0.7841,0.7567,0.4576,False,1.0,spatial,,0.6918,
v233_flux2-klein-4b-nf4,flux2-klein-4b-nf4,bench_v1_025,0.9065,0.7545,0.4538,False,0.0,counting,,0.0,
v233_flux2-klein-4b-nf4,flux2-klein-4b-nf4,bench_v1_026,0.9307,0.7768,0.4811,False,,,,0.6756,judge_pass_rate
v233_flux2-klein-4b-nf4,flux2-klein-4b-nf4,bench_v1_027,0.802,0.7894,0.5432,False,1.0,spatial,,0.747,
v233_flux2-klein-4b-nf4,flux2-klein-4b-nf4,bench_v1_028,0.9163,0.7288,0.4015,False,1.0,"counting,spatial",,0.6718,
v233_flux2-klein-4b-nf4,flux2-klein-4b-nf4,bench_v1_029,0.9136,0.7765,0.4986,False,0.6667,"attribute,counting,spatial",,0.6794,
v233_flux2-klein-4b-nf4,flux2-klein-4b-nf4,bench_v1_030,0.939,0.7416,0.493,False,1.0,"attribute,spatial",,0.7351,
v233_flux2-klein-4b-nf4,flux2-klein-4b-nf4,bench_v1_031,0.8903,0.8216,0.4764,False,,,,0.6758,judge_pass_rate
v233_flux2-klein-4b-nf4,flux2-klein-4b-nf4,bench_v1_032,0.896,0.8056,0.4633,False,,,,0.6643,judge_pass_rate
v233_flux2-klein-4b-nf4,flux2-klein-4b-nf4,bench_v1_033,0.798,0.818,0.4932,False,1.0,attribute,,0.7268,
v233_flux2-klein-4b-nf4,flux2-klein-4b-nf4,bench_v1_034,0.8242,0.7424,0.4506,False,1.0,spatial,,0.6921,
v233_flux2-klein-4b-nf4,flux2-klein-4b-nf4,bench_v1_035,0.8579,0.7451,0.4112,False,,,,0.6073,judge_pass_rate
v233_flux2-klein-4b-nf4,flux2-klein-4b-nf4,bench_v1_036,0.8396,0.8128,0.4978,False,1.0,"attribute,counting,spatial",,0.7366,
v233_flux2-klein-4b-nf4,flux2-klein-4b-nf4,bench_v1_037,0.9394,0.8255,0.5066,False,,,,0.7059,judge_pass_rate
v233_flux2-klein-4b-nf4,flux2-klein-4b-nf4,bench_v1_038,0.7652,0.8201,0.3928,False,,,,0.5915,judge_pass_rate
v233_flux2-klein-4b-nf4,flux2-klein-4b-nf4,bench_v1_039,0.9433,0.8203,0.5037,False,,,,0.7035,judge_pass_rate
v233_flux2-klein-4b-nf4,flux2-klein-4b-nf4,bench_v1_040,0.9226,0.7768,0.5741,False,1.0,spatial,,0.7823,
v234_lumina2,lumina2,bench_v1_001,0.6431,0.6784,0.3326,False,,,,0.497,judge_pass_rate
v234_lumina2,lumina2,bench_v1_002,0.6258,0.6777,0.3951,False,,,,0.5353,judge_pass_rate
v234_lumina2,lumina2,bench_v1_003,0.6258,0.6823,0.335,False,,,,0.496,judge_pass_rate
v234_lumina2,lumina2,bench_v1_004,0.449,0.6042,0.3793,False,,,,0.4602,judge_pass_rate
v234_lumina2,lumina2,bench_v1_005,0.8274,0.6859,0.3978,False,,,,0.5791,judge_pass_rate
v234_lumina2,lumina2,bench_v1_006,0.4009,0.6805,0.3098,False,1.0,attribute,,0.4883,
v234_lumina2,lumina2,bench_v1_007,0.802,0.7125,0.2898,False,,,,0.4917,judge_pass_rate
v234_lumina2,lumina2,bench_v1_008,0.8355,0.6103,0.4007,False,,,,0.5627,judge_pass_rate
v234_lumina2,lumina2,bench_v1_009,0.7008,0.6616,0.2088,False,1.0,attribute,,0.4583,
v234_lumina2,lumina2,bench_v1_010,0.8154,0.6642,0.4425,False,,,,0.601,judge_pass_rate
v234_lumina2,lumina2,bench_v1_011,0.5971,0.6629,0.2228,False,1.0,spatial,,0.4613,
v234_lumina2,lumina2,bench_v1_012,0.661,0.7092,0.2639,False,1.0,"attribute,counting",,0.5187,
v234_lumina2,lumina2,bench_v1_013,0.5971,0.6911,0.2281,False,1.0,"attribute,spatial",,0.4703,
v234_lumina2,lumina2,bench_v1_014,0.6674,0.6609,0.4296,False,,,,0.5619,judge_pass_rate
v234_lumina2,lumina2,bench_v1_015,0.8154,0.6349,0.4524,False,,,,0.5986,judge_pass_rate
v234_lumina2,lumina2,bench_v1_016,0.6954,0.7292,0.2735,False,,,,0.464,judge_pass_rate
v234_lumina2,lumina2,bench_v1_017,0.749,0.7105,0.3692,False,,,,0.5503,judge_pass_rate
v234_lumina2,lumina2,bench_v1_018,0.802,0.6411,0.4109,False,1.0,"counting,spatial",,0.641,
v234_lumina2,lumina2,bench_v1_019,0.8194,0.69,0.3604,False,1.0,attribute,,0.6207,
v234_lumina2,lumina2,bench_v1_020,0.7119,0.6974,0.3411,False,1.0,spatial,,0.5908,
v234_lumina2,lumina2,bench_v1_021,0.7288,0.7041,0.4896,False,0.5,"counting,spatial",,0.5852,
v234_lumina2,lumina2,bench_v1_022,0.6431,0.7111,0.4098,False,1.0,"attribute,counting",,0.6249,
v234_lumina2,lumina2,bench_v1_023,0.4836,0.7002,0.3545,False,,,,0.4749,judge_pass_rate
v234_lumina2,lumina2,bench_v1_024,0.6444,0.7079,0.2946,False,1.0,spatial,,0.5436,
v234_lumina2,lumina2,bench_v1_025,0.6494,0.6992,0.3263,False,1.0,counting,,0.5686,
v234_lumina2,lumina2,bench_v1_026,0.7697,0.6648,0.2459,False,,,,0.4367,judge_pass_rate
v234_lumina2,lumina2,bench_v1_027,0.572,0.6986,0.4067,False,1.0,spatial,,0.6025,
v234_lumina2,lumina2,bench_v1_028,0.7288,0.6973,0.2575,False,1.0,"counting,spatial",,0.5202,
v234_lumina2,lumina2,bench_v1_029,0.3947,0.6606,0.2033,False,1.0,"attribute,counting,spatial",,0.4014,
v234_lumina2,lumina2,bench_v1_030,0.4267,0.6972,0.2608,False,1.0,"attribute,spatial",,0.4645,
v234_lumina2,lumina2,bench_v1_031,0.449,0.6708,0.2205,False,,,,0.3635,judge_pass_rate
v234_lumina2,lumina2,bench_v1_032,0.5068,0.6667,0.2748,False,,,,0.4218,judge_pass_rate
v234_lumina2,lumina2,bench_v1_033,0.4724,0.6825,0.2299,False,1.0,attribute,,0.4478,
v234_lumina2,lumina2,bench_v1_034,0.6846,0.6712,0.316,False,1.0,spatial,,0.5622,
v234_lumina2,lumina2,bench_v1_035,0.6674,0.6831,0.239,False,,,,0.4198,judge_pass_rate
v234_lumina2,lumina2,bench_v1_036,0.6558,0.6396,0.2408,False,1.0,"attribute,counting,spatial",,0.4854,
v234_lumina2,lumina2,bench_v1_037,0.6558,0.7451,0.2802,False,,,,0.4661,judge_pass_rate
v234_lumina2,lumina2,bench_v1_038,0.4669,0.7328,0.3393,False,,,,0.4649,judge_pass_rate
v234_lumina2,lumina2,bench_v1_039,0.7888,0.6982,0.352,False,,,,0.5414,judge_pass_rate
v234_lumina2,lumina2,bench_v1_040,0.749,0.7248,0.4487,False,1.0,spatial,,0.673,
v235_pixart-sigma,pixart-sigma,bench_v1_001,0.6381,0.5746,0.3643,False,,,,0.4957,judge_pass_rate
v235_pixart-sigma,pixart-sigma,bench_v1_002,0.4437,0.7717,0.3707,False,,,,0.4802,judge_pass_rate
v235_pixart-sigma,pixart-sigma,bench_v1_003,0.5353,0.6935,0.2622,False,,,,0.4211,judge_pass_rate
v235_pixart-sigma,pixart-sigma,bench_v1_004,0.4104,0.5401,0.3187,False,,,,0.404,judge_pass_rate
v235_pixart-sigma,pixart-sigma,bench_v1_005,0.5188,0.7471,0.3726,False,,,,0.5042,judge_pass_rate
v235_pixart-sigma,pixart-sigma,bench_v1_006,0.2231,0.7265,0.1964,False,1.0,attribute,,0.3347,
v235_pixart-sigma,pixart-sigma,bench_v1_007,0.8194,0.7092,0.2866,False,,,,0.4902,judge_pass_rate
v235_pixart-sigma,pixart-sigma,bench_v1_008,0.847,0.6145,0.4487,False,,,,0.5956,judge_pass_rate
v235_pixart-sigma,pixart-sigma,bench_v1_009,0.6077,0.5757,0.1977,False,1.0,attribute,,0.4237,
v235_pixart-sigma,pixart-sigma,bench_v1_010,0.7345,0.6179,0.3952,False,,,,0.5444,judge_pass_rate
v235_pixart-sigma,pixart-sigma,bench_v1_011,0.5653,0.6416,0.2943,False,1.0,spatial,,0.5178,
v235_pixart-sigma,pixart-sigma,bench_v1_012,0.6258,0.6462,0.28,False,0.5,"attribute,counting",,0.4589,
v235_pixart-sigma,pixart-sigma,bench_v1_013,0.5068,0.6399,0.2129,False,0.0,"attribute,spatial",,0.0,
v235_pixart-sigma,pixart-sigma,bench_v1_014,0.7841,0.6548,0.4423,False,,,,0.5925,judge_pass_rate
v235_pixart-sigma,pixart-sigma,bench_v1_015,0.7788,0.5662,0.4257,False,,,,0.5556,judge_pass_rate
v235_pixart-sigma,pixart-sigma,bench_v1_016,0.6319,0.6768,0.2927,False,,,,0.4632,judge_pass_rate
v235_pixart-sigma,pixart-sigma,bench_v1_017,0.6727,0.7086,0.3634,False,,,,0.531,judge_pass_rate
v235_pixart-sigma,pixart-sigma,bench_v1_018,0.8545,0.6318,0.4016,False,1.0,"counting,spatial",,0.6407,
v235_pixart-sigma,pixart-sigma,bench_v1_019,0.7548,0.7337,0.3627,False,1.0,attribute,,0.6206,
v235_pixart-sigma,pixart-sigma,bench_v1_020,0.7008,0.6111,0.254,False,0.0,spatial,,0.0,
v235_pixart-sigma,pixart-sigma,bench_v1_021,0.6137,0.5885,0.3703,False,0.5,"counting,spatial",,0.4982,
v235_pixart-sigma,pixart-sigma,bench_v1_022,0.6077,0.7056,0.388,False,1.0,"attribute,counting",,0.6024,
v235_pixart-sigma,pixart-sigma,bench_v1_023,0.5833,0.6749,0.2133,False,,,,0.3805,judge_pass_rate
v235_pixart-sigma,pixart-sigma,bench_v1_024,0.6381,0.6465,0.3917,False,1.0,spatial,,0.6,
v235_pixart-sigma,pixart-sigma,bench_v1_025,0.5188,0.695,0.3289,False,0.0,counting,,0.0,
v235_pixart-sigma,pixart-sigma,bench_v1_026,0.7548,0.6261,0.2021,False,,,,0.3812,judge_pass_rate
v235_pixart-sigma,pixart-sigma,bench_v1_027,0.495,0.5856,0.4042,False,1.0,spatial,,0.5554,
v235_pixart-sigma,pixart-sigma,bench_v1_028,0.6319,0.6623,0.255,False,1.0,"counting,spatial",,0.4991,
v235_pixart-sigma,pixart-sigma,bench_v1_029,0.291,0.7483,0.1718,False,0.6667,"attribute,counting,spatial",,0.3308,
v235_pixart-sigma,pixart-sigma,bench_v1_030,0.4836,0.6463,0.1846,False,1.0,"attribute,spatial",,0.3987,
v235_pixart-sigma,pixart-sigma,bench_v1_031,0.4724,0.6154,0.2382,False,,,,0.3778,judge_pass_rate
v235_pixart-sigma,pixart-sigma,bench_v1_032,0.6137,0.62,0.3312,False,,,,0.4791,judge_pass_rate
v235_pixart-sigma,pixart-sigma,bench_v1_033,0.5068,0.6621,0.2446,False,1.0,attribute,,0.4666,
v235_pixart-sigma,pixart-sigma,bench_v1_034,0.6558,0.6721,0.3113,False,0.0,spatial,,0.0,
v235_pixart-sigma,pixart-sigma,bench_v1_035,0.5971,0.6865,0.2269,False,,,,0.3979,judge_pass_rate
v235_pixart-sigma,pixart-sigma,bench_v1_036,0.5609,0.6583,0.3258,False,1.0,"attribute,counting,spatial",,0.5426,
v235_pixart-sigma,pixart-sigma,bench_v1_037,0.4437,0.6892,0.2517,False,,,,0.3907,judge_pass_rate
v235_pixart-sigma,pixart-sigma,bench_v1_038,0.495,0.773,0.2477,False,,,,0.4081,judge_pass_rate
v235_pixart-sigma,pixart-sigma,bench_v1_039,0.7934,0.6459,0.2424,False,,,,0.4326,judge_pass_rate
v235_pixart-sigma,pixart-sigma,bench_v1_040,0.8234,0.6532,0.3877,False,1.0,spatial,,0.6324,
v236_flux2-klein-4b-nf4,flux2-klein-4b-nf4,bench_v1_001,0.7593,0.7322,0.4839,False,,,,0.6317,judge_pass_rate
v236_flux2-klein-4b-nf4,flux2-klein-4b-nf4,bench_v1_002,0.5653,0.7371,0.3491,False,,,,0.5008,judge_pass_rate
v236_flux2-klein-4b-nf4,flux2-klein-4b-nf4,bench_v1_003,0.661,0.7402,0.3549,False,,,,0.528,judge_pass_rate
v236_flux2-klein-4b-nf4,flux2-klein-4b-nf4,bench_v1_004,0.5902,0.7283,0.3838,False,,,,0.5288,judge_pass_rate
v236_flux2-klein-4b-nf4,flux2-klein-4b-nf4,bench_v1_005,0.8545,0.7448,0.4684,False,,,,0.6455,judge_pass_rate
v236_flux2-klein-4b-nf4,flux2-klein-4b-nf4,bench_v1_006,0.4267,0.7633,0.3247,False,1.0,attribute,,0.5172,
v236_flux2-klein-4b-nf4,flux2-klein-4b-nf4,bench_v1_007,0.802,0.7381,0.315,False,,,,0.5194,judge_pass_rate
v236_flux2-klein-4b-nf4,flux2-klein-4b-nf4,bench_v1_008,0.8274,0.6957,0.4942,False,,,,0.6425,judge_pass_rate
v236_flux2-klein-4b-nf4,flux2-klein-4b-nf4,bench_v1_009,0.661,0.726,0.2781,False,1.0,attribute,,0.5343,
v236_flux2-klein-4b-nf4,flux2-klein-4b-nf4,bench_v1_010,0.7934,0.6593,0.3674,False,,,,0.5456,judge_pass_rate
v236_flux2-klein-4b-nf4,flux2-klein-4b-nf4,bench_v1_011,0.6431,0.6959,0.3123,False,1.0,spatial,,0.556,
v236_flux2-klein-4b-nf4,flux2-klein-4b-nf4,bench_v1_012,0.6674,0.7117,0.2664,False,1.0,"attribute,counting",,0.5224,
v236_flux2-klein-4b-nf4,flux2-klein-4b-nf4,bench_v1_013,0.6077,0.6306,0.3822,False,1.0,"attribute,spatial",,0.5841,
v236_flux2-klein-4b-nf4,flux2-klein-4b-nf4,bench_v1_014,0.7697,0.7095,0.4424,False,,,,0.6037,judge_pass_rate
v236_flux2-klein-4b-nf4,flux2-klein-4b-nf4,bench_v1_015,0.8234,0.6159,0.5592,False,,,,0.6485,judge_pass_rate
v236_flux2-klein-4b-nf4,flux2-klein-4b-nf4,bench_v1_016,0.7231,0.7381,0.3901,False,,,,0.5659,judge_pass_rate
v236_flux2-klein-4b-nf4,flux2-klein-4b-nf4,bench_v1_017,0.7288,0.7444,0.3784,False,,,,0.5599,judge_pass_rate
v236_flux2-klein-4b-nf4,flux2-klein-4b-nf4,bench_v1_018,0.802,0.6718,0.4876,False,1.0,"counting,spatial",,0.6913,
v236_flux2-klein-4b-nf4,flux2-klein-4b-nf4,bench_v1_019,0.8437,0.7518,0.4684,False,1.0,attribute,,0.7079,
v236_flux2-klein-4b-nf4,flux2-klein-4b-nf4,bench_v1_020,0.5971,0.713,0.3895,False,1.0,spatial,,0.602,
v236_flux2-klein-4b-nf4,flux2-klein-4b-nf4,bench_v1_021,0.7697,0.7279,0.4302,False,1.0,"counting,spatial",,0.6669,
v236_flux2-klein-4b-nf4,flux2-klein-4b-nf4,bench_v1_022,0.6381,0.7408,0.4617,False,1.0,"attribute,counting",,0.6576,
v236_flux2-klein-4b-nf4,flux2-klein-4b-nf4,bench_v1_023,0.5127,0.7212,0.2935,False,,,,0.4448,judge_pass_rate
v236_flux2-klein-4b-nf4,flux2-klein-4b-nf4,bench_v1_024,0.5902,0.7329,0.2929,False,1.0,spatial,,0.5353,
v236_flux2-klein-4b-nf4,flux2-klein-4b-nf4,bench_v1_025,0.5068,0.7072,0.3809,False,0.0,counting,,0.0,
v236_flux2-klein-4b-nf4,flux2-klein-4b-nf4,bench_v1_026,0.8396,0.6885,0.2852,False,,,,0.4878,judge_pass_rate
v236_flux2-klein-4b-nf4,flux2-klein-4b-nf4,bench_v1_027,0.5544,0.7433,0.3148,False,1.0,spatial,,0.546,
v236_flux2-klein-4b-nf4,flux2-klein-4b-nf4,bench_v1_028,0.6381,0.6832,0.1927,False,1.0,"counting,spatial",,0.4338,
v236_flux2-klein-4b-nf4,flux2-klein-4b-nf4,bench_v1_029,0.4893,0.7049,0.2087,False,1.0,"attribute,counting,spatial",,0.4322,
v236_flux2-klein-4b-nf4,flux2-klein-4b-nf4,bench_v1_030,0.495,0.7346,0.3003,False,1.0,"attribute,spatial",,0.5187,
v236_flux2-klein-4b-nf4,flux2-klein-4b-nf4,bench_v1_031,0.6381,0.7117,0.2737,False,,,,0.4528,judge_pass_rate
v236_flux2-klein-4b-nf4,flux2-klein-4b-nf4,bench_v1_032,0.7063,0.7426,0.2756,False,,,,0.4694,judge_pass_rate
v236_flux2-klein-4b-nf4,flux2-klein-4b-nf4,bench_v1_033,0.4596,0.7417,0.2375,False,1.0,attribute,,0.4579,
v236_flux2-klein-4b-nf4,flux2-klein-4b-nf4,bench_v1_034,0.5068,0.7456,0.244,False,0.0,spatial,,0.0,
v236_flux2-klein-4b-nf4,flux2-klein-4b-nf4,bench_v1_035,0.5902,0.7239,0.1865,False,,,,0.3555,judge_pass_rate
v236_flux2-klein-4b-nf4,flux2-klein-4b-nf4,bench_v1_036,0.5249,0.7351,0.2661,False,1.0,"attribute,counting,spatial",,0.4985,
v236_flux2-klein-4b-nf4,flux2-klein-4b-nf4,bench_v1_037,0.6197,0.7687,0.3255,False,,,,0.5011,judge_pass_rate
v236_flux2-klein-4b-nf4,flux2-klein-4b-nf4,bench_v1_038,0.548,0.7516,0.3769,False,,,,0.5165,judge_pass_rate
v236_flux2-klein-4b-nf4,flux2-klein-4b-nf4,bench_v1_039,0.678,0.7429,0.3437,False,,,,0.5235,judge_pass_rate
v236_flux2-klein-4b-nf4,flux2-klein-4b-nf4,bench_v1_040,0.7841,0.7341,0.4402,False,1.0,spatial,,0.6769,
v237_lumina2,lumina2,bench_v1_001,0.9087,0.8044,0.6052,False,,,,0.7508,judge_pass_rate
v237_lumina2,lumina2,bench_v1_002,0.9593,0.8009,0.5876,False,,,,0.7513,judge_pass_rate
v237_lumina2,lumina2,bench_v1_003,0.9271,0.8083,0.5497,False,,,,0.7255,judge_pass_rate
v237_lumina2,lumina2,bench_v1_004,0.8782,0.7653,0.5263,False,,,,0.6904,judge_pass_rate
v237_lumina2,lumina2,bench_v1_005,0.8154,0.7272,0.4248,False,,,,0.6054,judge_pass_rate
v237_lumina2,lumina2,bench_v1_006,0.9465,0.7995,0.5502,False,1.0,attribute,,0.7805,
v237_lumina2,lumina2,bench_v1_007,0.9136,0.7756,0.5091,False,,,,0.6899,judge_pass_rate
v237_lumina2,lumina2,bench_v1_008,0.9289,0.723,0.4941,False,,,,0.6691,judge_pass_rate
v237_lumina2,lumina2,bench_v1_009,0.9092,0.7757,0.4743,False,1.0,attribute,,0.7276,
v237_lumina2,lumina2,bench_v1_010,0.9394,0.7597,0.539,False,,,,0.7082,judge_pass_rate
v237_lumina2,lumina2,bench_v1_011,0.9563,0.7488,0.4816,False,1.0,spatial,,0.7329,
v237_lumina2,lumina2,bench_v1_012,0.8842,0.7917,0.5279,False,1.0,"attribute,counting",,0.7564,
v237_lumina2,lumina2,bench_v1_013,0.9433,0.7414,0.4562,False,1.0,"attribute,spatial",,0.7142,
v237_lumina2,lumina2,bench_v1_014,0.9289,0.7847,0.5982,False,,,,0.7458,judge_pass_rate
v237_lumina2,lumina2,bench_v1_015,0.9516,0.7801,0.6135,False,,,,0.7571,judge_pass_rate
v237_lumina2,lumina2,bench_v1_016,0.8782,0.7787,0.4439,False,,,,0.6416,judge_pass_rate
v237_lumina2,lumina2,bench_v1_017,0.8816,0.8188,0.5044,False,,,,0.6915,judge_pass_rate
v237_lumina2,lumina2,bench_v1_018,0.9307,0.7756,0.5823,False,1.0,"counting,spatial",,0.7872,
v237_lumina2,lumina2,bench_v1_019,0.9136,0.7251,0.579,False,1.0,attribute,,0.7691,
v237_lumina2,lumina2,bench_v1_020,0.8782,0.7843,0.5485,False,1.0,spatial,,0.7638,
v237_lumina2,lumina2,bench_v1_021,0.9136,0.7707,0.6316,False,1.0,"counting,spatial",,0.804,
v237_lumina2,lumina2,bench_v1_022,0.9289,0.8114,0.6051,False,1.0,"attribute,counting",,0.8062,
v237_lumina2,lumina2,bench_v1_023,0.9426,0.7692,0.5303,False,,,,0.7064,judge_pass_rate
v237_lumina2,lumina2,bench_v1_024,0.8748,0.763,0.4796,False,1.0,spatial,,0.7222,
v237_lumina2,lumina2,bench_v1_025,0.9289,0.8042,0.5447,False,1.0,counting,,0.7758,
v237_lumina2,lumina2,bench_v1_026,0.9208,0.7915,0.3898,False,,,,0.6104,judge_pass_rate
v237_lumina2,lumina2,bench_v1_027,0.8722,0.7815,0.5605,False,1.0,spatial,,0.7677,
v237_lumina2,lumina2,bench_v1_028,0.9633,0.7826,0.5181,False,1.0,"counting,spatial",,0.7625,
v237_lumina2,lumina2,bench_v1_029,0.9459,0.7792,0.4938,False,1.0,"attribute,counting,spatial",,0.7455,
v237_lumina2,lumina2,bench_v1_030,0.9433,0.7776,0.5503,False,1.0,"attribute,spatial",,0.7747,
v237_lumina2,lumina2,bench_v1_031,0.9523,0.7736,0.5329,False,,,,0.711,judge_pass_rate
v237_lumina2,lumina2,bench_v1_032,0.9426,0.7867,0.5442,False,,,,0.7195,judge_pass_rate
v237_lumina2,lumina2,bench_v1_033,0.8872,0.7797,0.5184,False,1.0,attribute,,0.7492,
v237_lumina2,lumina2,bench_v1_034,0.8816,0.7658,0.6151,False,0.0,spatial,,0.0,
v237_lumina2,lumina2,bench_v1_035,0.8782,0.7835,0.4431,False,,,,0.6421,judge_pass_rate
v237_lumina2,lumina2,bench_v1_036,0.8748,0.7946,0.5794,False,1.0,"attribute,counting,spatial",,0.7801,
v237_lumina2,lumina2,bench_v1_037,0.9449,0.7942,0.5483,False,,,,0.7244,judge_pass_rate
v237_lumina2,lumina2,bench_v1_038,0.9092,0.7961,0.5707,False,,,,0.7302,judge_pass_rate
v237_lumina2,lumina2,bench_v1_039,0.9289,0.7967,0.5781,False,,,,0.7386,judge_pass_rate
v237_lumina2,lumina2,bench_v1_040,0.9459,0.7959,0.6463,False,1.0,spatial,,0.8229,
v238_pixart-sigma,pixart-sigma,bench_v1_001,0.9185,0.7673,0.5691,False,,,,0.723,judge_pass_rate
v238_pixart-sigma,pixart-sigma,bench_v1_002,0.8323,0.8285,0.645,False,,,,0.7578,judge_pass_rate
v238_pixart-sigma,pixart-sigma,bench_v1_003,0.9248,0.8178,0.5203,False,,,,0.7099,judge_pass_rate
v238_pixart-sigma,pixart-sigma,bench_v1_004,0.5188,0.7636,0.6335,False,,,,0.623,judge_pass_rate
v238_pixart-sigma,pixart-sigma,bench_v1_005,0.9401,0.7823,0.5855,False,,,,0.7408,judge_pass_rate
v238_pixart-sigma,pixart-sigma,bench_v1_006,0.9289,0.8181,0.4656,False,1.0,attribute,,0.7344,
v238_pixart-sigma,pixart-sigma,bench_v1_007,0.9012,0.8078,0.5366,False,,,,0.7124,judge_pass_rate
v238_pixart-sigma,pixart-sigma,bench_v1_008,0.896,0.7892,0.5242,False,,,,0.6992,judge_pass_rate
v238_pixart-sigma,pixart-sigma,bench_v1_009,0.9248,0.7937,0.465,False,1.0,attribute,,0.7284,
v238_pixart-sigma,pixart-sigma,bench_v1_010,0.9012,0.7897,0.542,False,,,,0.7107,judge_pass_rate
v238_pixart-sigma,pixart-sigma,bench_v1_011,0.964,0.7812,0.527,False,1.0,spatial,,0.767,
v238_pixart-sigma,pixart-sigma,bench_v1_012,0.6444,0.764,0.5325,False,0.5,"attribute,counting",,0.5936,
v238_pixart-sigma,pixart-sigma,bench_v1_013,0.9271,0.7623,0.5051,False,1.0,"attribute,spatial",,0.7448,
v238_pixart-sigma,pixart-sigma,bench_v1_014,0.9271,0.811,0.6758,False,,,,0.7913,judge_pass_rate
v238_pixart-sigma,pixart-sigma,bench_v1_015,0.9496,0.7958,0.5874,False,,,,0.7477,judge_pass_rate
v238_pixart-sigma,pixart-sigma,bench_v1_016,0.548,0.8278,0.5408,False,,,,0.6145,judge_pass_rate
v238_pixart-sigma,pixart-sigma,bench_v1_017,0.8323,0.8192,0.6199,False,,,,0.7434,judge_pass_rate
v238_pixart-sigma,pixart-sigma,bench_v1_018,0.9367,0.7394,0.5718,False,1.0,"counting,spatial",,0.7739,
v238_pixart-sigma,pixart-sigma,bench_v1_019,0.8782,0.8084,0.5305,False,1.0,attribute,,0.7604,
v238_pixart-sigma,pixart-sigma,bench_v1_020,0.8154,0.8073,0.6072,False,1.0,spatial,,0.7825,
v238_pixart-sigma,pixart-sigma,bench_v1_021,0.8986,0.7541,0.572,False,1.0,"counting,spatial",,0.7711,
v238_pixart-sigma,pixart-sigma,bench_v1_022,0.9208,0.8181,0.5253,False,1.0,"attribute,counting",,0.7675,
v238_pixart-sigma,pixart-sigma,bench_v1_023,0.9012,0.8151,0.546,False,,,,0.7198,judge_pass_rate
v238_pixart-sigma,pixart-sigma,bench_v1_024,0.7063,0.8152,0.6982,False,1.0,spatial,,0.7882,
v238_pixart-sigma,pixart-sigma,bench_v1_025,0.9185,0.8006,0.5846,False,0.0,counting,,0.0,
v238_pixart-sigma,pixart-sigma,bench_v1_026,0.9248,0.8016,0.4133,False,,,,0.6318,judge_pass_rate
v238_pixart-sigma,pixart-sigma,bench_v1_027,0.9012,0.8052,0.589,False,1.0,spatial,,0.7922,
v238_pixart-sigma,pixart-sigma,bench_v1_028,0.9417,0.7635,0.4741,False,1.0,"counting,spatial",,0.7298,
v238_pixart-sigma,pixart-sigma,bench_v1_029,0.9141,0.7987,0.5218,False,1.0,"attribute,counting,spatial",,0.7601,
v238_pixart-sigma,pixart-sigma,bench_v1_030,0.9489,0.8142,0.4947,False,1.0,"attribute,spatial",,0.7542,
v238_pixart-sigma,pixart-sigma,bench_v1_031,0.9633,0.819,0.6463,False,,,,0.7882,judge_pass_rate
v238_pixart-sigma,pixart-sigma,bench_v1_032,0.8872,0.8215,0.6315,False,,,,0.7638,judge_pass_rate
v238_pixart-sigma,pixart-sigma,bench_v1_033,0.8067,0.8116,0.5325,False,1.0,attribute,,0.7477,
v238_pixart-sigma,pixart-sigma,bench_v1_034,0.896,0.8044,0.6164,False,0.0,spatial,,0.0,
v238_pixart-sigma,pixart-sigma,bench_v1_035,0.896,0.8012,0.482,False,,,,0.6758,judge_pass_rate
v238_pixart-sigma,pixart-sigma,bench_v1_036,0.9185,0.8189,0.5788,False,1.0,"attribute,counting,spatial",,0.794,
v238_pixart-sigma,pixart-sigma,bench_v1_037,0.923,0.8233,0.5843,False,,,,0.7482,judge_pass_rate
v238_pixart-sigma,pixart-sigma,bench_v1_038,0.5249,0.8256,0.6124,False,,,,0.6317,judge_pass_rate
v238_pixart-sigma,pixart-sigma,bench_v1_039,0.9012,0.7812,0.5428,False,,,,0.7089,judge_pass_rate
v238_pixart-sigma,pixart-sigma,bench_v1_040,0.9208,0.7924,0.5986,False,1.0,spatial,,0.797,
v239_flux2-klein-4b-nf4,flux2-klein-4b-nf4,bench_v1_001,0.9271,0.8247,0.6585,False,,,,0.7874,judge_pass_rate
v239_flux2-klein-4b-nf4,flux2-klein-4b-nf4,bench_v1_002,0.9537,0.8245,0.5888,False,,,,0.7576,judge_pass_rate
v239_flux2-klein-4b-nf4,flux2-klein-4b-nf4,bench_v1_003,0.9433,0.8243,0.6045,False,,,,0.7638,judge_pass_rate
v239_flux2-klein-4b-nf4,flux2-klein-4b-nf4,bench_v1_004,0.7231,0.8112,0.5246,False,,,,0.6634,judge_pass_rate
v239_flux2-klein-4b-nf4,flux2-klein-4b-nf4,bench_v1_005,0.9523,0.8261,0.5397,False,,,,0.7293,judge_pass_rate
v239_flux2-klein-4b-nf4,flux2-klein-4b-nf4,bench_v1_006,0.9472,0.8151,0.6256,False,1.0,attribute,,0.8195,
v239_flux2-klein-4b-nf4,flux2-klein-4b-nf4,bench_v1_007,0.8437,0.7137,0.5058,False,,,,0.6574,judge_pass_rate
v239_flux2-klein-4b-nf4,flux2-klein-4b-nf4,bench_v1_008,0.9226,0.8132,0.5836,False,,,,0.745,judge_pass_rate
v239_flux2-klein-4b-nf4,flux2-klein-4b-nf4,bench_v1_009,0.896,0.8066,0.5542,False,1.0,attribute,,0.7752,
v239_flux2-klein-4b-nf4,flux2-klein-4b-nf4,bench_v1_010,0.9092,0.7904,0.5984,False,,,,0.7433,judge_pass_rate
v239_flux2-klein-4b-nf4,flux2-klein-4b-nf4,bench_v1_011,0.965,0.8153,0.554,False,1.0,spatial,,0.7893,
v239_flux2-klein-4b-nf4,flux2-klein-4b-nf4,bench_v1_012,0.8986,0.7708,0.5552,False,1.0,"attribute,counting",,0.7676,
v239_flux2-klein-4b-nf4,flux2-klein-4b-nf4,bench_v1_013,0.9376,0.7998,0.5631,False,1.0,"attribute,spatial",,0.7854,
v239_flux2-klein-4b-nf4,flux2-klein-4b-nf4,bench_v1_014,0.9326,0.8202,0.6812,False,,,,0.798,judge_pass_rate
v239_flux2-klein-4b-nf4,flux2-klein-4b-nf4,bench_v1_015,0.9556,0.8195,0.6374,False,,,,0.7821,judge_pass_rate
v239_flux2-klein-4b-nf4,flux2-klein-4b-nf4,bench_v1_016,0.8067,0.8254,0.5412,False,,,,0.6979,judge_pass_rate
v239_flux2-klein-4b-nf4,flux2-klein-4b-nf4,bench_v1_017,0.8396,0.8216,0.5572,False,,,,0.7138,judge_pass_rate
v239_flux2-klein-4b-nf4,flux2-klein-4b-nf4,bench_v1_018,0.9226,0.8043,0.6299,False,1.0,"counting,spatial",,0.8139,
v239_flux2-klein-4b-nf4,flux2-klein-4b-nf4,bench_v1_019,0.6793,0.8178,0.6803,False,1.0,attribute,,0.7745,
v239_flux2-klein-4b-nf4,flux2-klein-4b-nf4,bench_v1_020,0.8654,0.8091,0.6161,False,1.0,spatial,,0.7977,
v239_flux2-klein-4b-nf4,flux2-klein-4b-nf4,bench_v1_021,0.933,0.8004,0.6426,False,1.0,"counting,spatial",,0.8201,
v239_flux2-klein-4b-nf4,flux2-klein-4b-nf4,bench_v1_022,0.9039,0.8233,0.6145,False,1.0,"attribute,counting",,0.8084,
v239_flux2-klein-4b-nf4,flux2-klein-4b-nf4,bench_v1_023,0.9376,0.8105,0.6138,False,,,,0.7634,judge_pass_rate
v239_flux2-klein-4b-nf4,flux2-klein-4b-nf4,bench_v1_024,0.7388,0.7957,0.5758,False,1.0,spatial,,0.7481,
v239_flux2-klein-4b-nf4,flux2-klein-4b-nf4,bench_v1_025,0.9012,0.8104,0.606,False,0.0,counting,,0.0,
v239_flux2-klein-4b-nf4,flux2-klein-4b-nf4,bench_v1_026,0.9385,0.8023,0.5346,False,,,,0.7173,judge_pass_rate
v239_flux2-klein-4b-nf4,flux2-klein-4b-nf4,bench_v1_027,0.8621,0.8105,0.6297,False,1.0,spatial,,0.8029,
v239_flux2-klein-4b-nf4,flux2-klein-4b-nf4,bench_v1_028,0.9577,0.7704,0.5269,False,1.0,"counting,spatial",,0.7633,
v239_flux2-klein-4b-nf4,flux2-klein-4b-nf4,bench_v1_029,0.9537,0.8136,0.5379,False,0.6667,"attribute,counting,spatial",,0.7096,
v239_flux2-klein-4b-nf4,flux2-klein-4b-nf4,bench_v1_030,0.9617,0.7977,0.5918,False,1.0,"attribute,spatial",,0.8027,
v239_flux2-klein-4b-nf4,flux2-klein-4b-nf4,bench_v1_031,0.9633,0.8202,0.6215,False,,,,0.7759,judge_pass_rate
v239_flux2-klein-4b-nf4,flux2-klein-4b-nf4,bench_v1_032,0.9449,0.8235,0.611,False,,,,0.7674,judge_pass_rate
v239_flux2-klein-4b-nf4,flux2-klein-4b-nf4,bench_v1_033,0.896,0.8091,0.6048,False,1.0,attribute,,0.7991,
v239_flux2-klein-4b-nf4,flux2-klein-4b-nf4,bench_v1_034,0.8986,0.8034,0.6093,False,1.0,spatial,,0.8002,
v239_flux2-klein-4b-nf4,flux2-klein-4b-nf4,bench_v1_035,0.8323,0.787,0.4923,False,,,,0.6662,judge_pass_rate
v239_flux2-klein-4b-nf4,flux2-klein-4b-nf4,bench_v1_036,0.9012,0.8202,0.642,False,1.0,"attribute,counting,spatial",,0.8186,
v239_flux2-klein-4b-nf4,flux2-klein-4b-nf4,bench_v1_037,0.9442,0.8001,0.5869,False,,,,0.7476,judge_pass_rate
v239_flux2-klein-4b-nf4,flux2-klein-4b-nf4,bench_v1_038,0.8903,0.8239,0.6135,False,,,,0.7562,judge_pass_rate
v239_flux2-klein-4b-nf4,flux2-klein-4b-nf4,bench_v1_039,0.9307,0.8187,0.6623,False,,,,0.7883,judge_pass_rate
v239_flux2-klein-4b-nf4,flux2-klein-4b-nf4,bench_v1_040,0.9465,0.8161,0.6865,False,1.0,spatial,,0.8441,
v240_lumina2,lumina2,bench_v1_001,0.8748,0.7507,0.3978,False,,,,0.6013,judge_pass_rate
v240_lumina2,lumina2,bench_v1_002,0.9092,0.7343,0.3736,False,,,,0.5838,judge_pass_rate
v240_lumina2,lumina2,bench_v1_003,0.8842,0.7313,0.4118,False,,,,0.6089,judge_pass_rate
v240_lumina2,lumina2,bench_v1_004,0.6258,0.7434,0.3976,False,,,,0.5496,judge_pass_rate
v240_lumina2,lumina2,bench_v1_005,0.9181,0.7027,0.4096,False,,,,0.6056,judge_pass_rate
v240_lumina2,lumina2,bench_v1_006,0.9012,0.7235,0.3337,False,1.0,attribute,,0.6165,
v240_lumina2,lumina2,bench_v1_007,0.896,0.7369,0.4351,False,,,,0.6287,judge_pass_rate
v240_lumina2,lumina2,bench_v1_008,0.9348,0.7017,0.4487,False,,,,0.6351,judge_pass_rate
v240_lumina2,lumina2,bench_v1_009,0.9479,0.7086,0.4446,False,1.0,attribute,,0.6999,
v240_lumina2,lumina2,bench_v1_010,0.9248,0.69,0.4794,False,,,,0.6498,judge_pass_rate
v240_lumina2,lumina2,bench_v1_011,0.9617,0.6886,0.5105,False,1.0,spatial,,0.7338,
v240_lumina2,lumina2,bench_v1_012,0.9226,0.7326,0.4179,False,1.0,"attribute,counting",,0.6847,
v240_lumina2,lumina2,bench_v1_013,0.9271,0.7055,0.3883,False,1.0,"attribute,spatial",,0.6588,
v240_lumina2,lumina2,bench_v1_014,0.9208,0.7349,0.4175,False,,,,0.6196,judge_pass_rate
v240_lumina2,lumina2,bench_v1_015,0.9065,0.7545,0.4518,False,,,,0.6463,judge_pass_rate
v240_lumina2,lumina2,bench_v1_016,0.8714,0.7705,0.3422,False,,,,0.5589,judge_pass_rate
v240_lumina2,lumina2,bench_v1_017,0.8722,0.7685,0.4061,False,,,,0.611,judge_pass_rate
v240_lumina2,lumina2,bench_v1_018,0.9617,0.6693,0.4928,False,1.0,"counting,spatial",,0.719,
v240_lumina2,lumina2,bench_v1_019,0.8872,0.7134,0.4021,False,1.0,attribute,,0.6649,
v240_lumina2,lumina2,bench_v1_020,0.9065,0.7599,0.3703,False,1.0,spatial,,0.6536,
v240_lumina2,lumina2,bench_v1_021,0.9092,0.7477,0.4684,False,1.0,"counting,spatial",,0.7178,
v240_lumina2,lumina2,bench_v1_022,0.8782,0.7722,0.3922,False,1.0,"attribute,counting",,0.6685,
v240_lumina2,lumina2,bench_v1_023,0.9348,0.7207,0.4084,False,,,,0.6115,judge_pass_rate
v240_lumina2,lumina2,bench_v1_024,0.8816,0.7231,0.417,False,1.0,spatial,,0.6762,
v240_lumina2,lumina2,bench_v1_025,0.9645,0.7313,0.4558,False,0.0,counting,,0.0,
v240_lumina2,lumina2,bench_v1_026,0.9271,0.6452,0.3632,False,,,,0.5574,judge_pass_rate
v240_lumina2,lumina2,bench_v1_027,0.9012,0.7374,0.3911,False,1.0,spatial,,0.6642,
v240_lumina2,lumina2,bench_v1_028,0.9829,0.6984,0.4323,False,1.0,"counting,spatial",,0.6941,
v240_lumina2,lumina2,bench_v1_029,0.9582,0.7417,0.4228,False,1.0,"attribute,counting,spatial",,0.6948,
v240_lumina2,lumina2,bench_v1_030,0.9715,0.7371,0.4869,False,1.0,"attribute,spatial",,0.7353,
v240_lumina2,lumina2,bench_v1_031,0.938,0.6953,0.3823,False,,,,0.5859,judge_pass_rate
v240_lumina2,lumina2,bench_v1_032,0.9417,0.7084,0.3985,False,,,,0.6021,judge_pass_rate
v240_lumina2,lumina2,bench_v1_033,0.9248,0.718,0.37,False,1.0,attribute,,0.6476,
v240_lumina2,lumina2,bench_v1_034,0.9185,0.7122,0.4545,False,0.0,spatial,,0.0,
v240_lumina2,lumina2,bench_v1_035,0.9114,0.7269,0.4066,False,,,,0.6082,judge_pass_rate
v240_lumina2,lumina2,bench_v1_036,0.9456,0.7222,0.4398,False,1.0,"attribute,counting,spatial",,0.6998,
v240_lumina2,lumina2,bench_v1_037,0.9348,0.7252,0.4851,False,,,,0.6652,judge_pass_rate
v240_lumina2,lumina2,bench_v1_038,0.8688,0.7449,0.3852,False,,,,0.5894,judge_pass_rate
v240_lumina2,lumina2,bench_v1_039,0.8722,0.7379,0.3925,False,,,,0.5941,judge_pass_rate
v240_lumina2,lumina2,bench_v1_040,0.9208,0.7548,0.5686,False,1.0,spatial,,0.7738,
v241_pixart-sigma,pixart-sigma,bench_v1_001,0.8688,0.7197,0.444,False,,,,0.6259,judge_pass_rate
v241_pixart-sigma,pixart-sigma,bench_v1_002,0.7175,0.7324,0.3541,False,,,,0.5373,judge_pass_rate
v241_pixart-sigma,pixart-sigma,bench_v1_003,0.9208,0.732,0.3595,False,,,,0.5732,judge_pass_rate
v241_pixart-sigma,pixart-sigma,bench_v1_004,0.5609,0.6362,0.36,False,,,,0.4892,judge_pass_rate
v241_pixart-sigma,pixart-sigma,bench_v1_005,0.8903,0.7582,0.3689,False,,,,0.5822,judge_pass_rate
v241_pixart-sigma,pixart-sigma,bench_v1_006,0.9479,0.7388,0.3014,False,1.0,attribute,,0.5947,
v241_pixart-sigma,pixart-sigma,bench_v1_007,0.8903,0.7318,0.4289,False,,,,0.6222,judge_pass_rate
v241_pixart-sigma,pixart-sigma,bench_v1_008,0.9136,0.7023,0.4102,False,,,,0.6053,judge_pass_rate
v241_pixart-sigma,pixart-sigma,bench_v1_009,0.933,0.7049,0.3187,False,1.0,attribute,,0.6035,
v241_pixart-sigma,pixart-sigma,bench_v1_010,0.8654,0.648,0.4692,False,,,,0.6211,judge_pass_rate
v241_pixart-sigma,pixart-sigma,bench_v1_011,0.9795,0.7204,0.515,False,1.0,spatial,,0.7476,
v241_pixart-sigma,pixart-sigma,bench_v1_012,0.8396,0.7049,0.3496,False,0.5,"attribute,counting",,0.5355,
v241_pixart-sigma,pixart-sigma,bench_v1_013,0.9316,0.6757,0.4125,False,1.0,"attribute,spatial",,0.6692,
v241_pixart-sigma,pixart-sigma,bench_v1_014,0.9114,0.6843,0.4538,False,,,,0.63,judge_pass_rate
v241_pixart-sigma,pixart-sigma,bench_v1_015,0.896,0.7408,0.3321,False,,,,0.5477,judge_pass_rate
v241_pixart-sigma,pixart-sigma,bench_v1_016,0.9039,0.5887,0.3712,False,,,,0.5456,judge_pass_rate
v241_pixart-sigma,pixart-sigma,bench_v1_017,0.8903,0.745,0.3993,False,,,,0.6036,judge_pass_rate
v241_pixart-sigma,pixart-sigma,bench_v1_018,0.9549,0.6447,0.515,False,1.0,"counting,spatial",,0.722,
v241_pixart-sigma,pixart-sigma,bench_v1_019,0.802,0.7494,0.1877,False,1.0,attribute,,0.449,
v241_pixart-sigma,pixart-sigma,bench_v1_020,0.8722,0.7487,0.3956,False,1.0,spatial,,0.6656,
v241_pixart-sigma,pixart-sigma,bench_v1_021,0.8587,0.7235,0.3743,False,0.5,"counting,spatial",,0.5541,
v241_pixart-sigma,pixart-sigma,bench_v1_022,0.8816,0.7047,0.3119,False,1.0,"attribute,counting",,0.5918,
v241_pixart-sigma,pixart-sigma,bench_v1_023,0.9248,0.7244,0.4058,False,,,,0.609,judge_pass_rate
v241_pixart-sigma,pixart-sigma,bench_v1_024,0.8396,0.6931,0.4998,False,1.0,spatial,,0.7099,
v241_pixart-sigma,pixart-sigma,bench_v1_025,0.9226,0.7278,0.4399,False,0.0,counting,,0.0,
v241_pixart-sigma,pixart-sigma,bench_v1_026,0.9271,0.7194,0.2016,False,,,,0.4038,judge_pass_rate
v241_pixart-sigma,pixart-sigma,bench_v1_027,0.9114,0.708,0.4028,False,1.0,spatial,,0.6675,
v241_pixart-sigma,pixart-sigma,bench_v1_028,0.9773,0.7106,0.4136,False,1.0,"counting,spatial",,0.684,
v241_pixart-sigma,pixart-sigma,bench_v1_029,0.9039,0.7399,0.2154,False,1.0,"attribute,counting,spatial",,0.4938,
v241_pixart-sigma,pixart-sigma,bench_v1_030,0.9489,0.7223,0.299,False,1.0,"attribute,spatial",,0.5897,
v241_pixart-sigma,pixart-sigma,bench_v1_031,0.9523,0.6759,0.3521,False,,,,0.5587,judge_pass_rate
v241_pixart-sigma,pixart-sigma,bench_v1_032,0.9417,0.6942,0.3543,False,,,,0.5634,judge_pass_rate
v241_pixart-sigma,pixart-sigma,bench_v1_033,0.9348,0.7206,0.3898,False,1.0,attribute,,0.6641,
v241_pixart-sigma,pixart-sigma,bench_v1_034,0.9092,0.7056,0.5157,False,0.0,spatial,,0.0,
v241_pixart-sigma,pixart-sigma,bench_v1_035,0.9226,0.7024,0.3642,False,,,,0.5711,judge_pass_rate
v241_pixart-sigma,pixart-sigma,bench_v1_036,0.9358,0.7243,0.4824,False,1.0,"attribute,counting,spatial",,0.7243,
v241_pixart-sigma,pixart-sigma,bench_v1_037,0.8842,0.7433,0.394,False,,,,0.5983,judge_pass_rate
v241_pixart-sigma,pixart-sigma,bench_v1_038,0.7841,0.7758,0.2728,False,,,,0.4815,judge_pass_rate
v241_pixart-sigma,pixart-sigma,bench_v1_039,0.8579,0.7349,0.3303,False,,,,0.5402,judge_pass_rate
v241_pixart-sigma,pixart-sigma,bench_v1_040,0.9401,0.693,0.3912,False,1.0,spatial,,0.6597,
v242_flux2-klein-4b-nf4,flux2-klein-4b-nf4,bench_v1_001,0.9039,0.7209,0.5365,False,,,,0.6885,judge_pass_rate
v242_flux2-klein-4b-nf4,flux2-klein-4b-nf4,bench_v1_002,0.9163,0.7228,0.423,False,,,,0.62,judge_pass_rate
v242_flux2-klein-4b-nf4,flux2-klein-4b-nf4,bench_v1_003,0.9456,0.7184,0.5911,False,,,,0.7244,judge_pass_rate
v242_flux2-klein-4b-nf4,flux2-klein-4b-nf4,bench_v1_004,0.548,0.7283,0.4423,False,,,,0.5496,judge_pass_rate
v242_flux2-klein-4b-nf4,flux2-klein-4b-nf4,bench_v1_005,0.9092,0.7209,0.5399,False,,,,0.6914,judge_pass_rate
v242_flux2-klein-4b-nf4,flux2-klein-4b-nf4,bench_v1_006,0.9465,0.7183,0.4548,False,1.0,attribute,,0.7083,
v242_flux2-klein-4b-nf4,flux2-klein-4b-nf4,bench_v1_007,0.9248,0.7111,0.453,False,,,,0.639,judge_pass_rate
v242_flux2-klein-4b-nf4,flux2-klein-4b-nf4,bench_v1_008,0.9399,0.7186,0.5311,False,,,,0.6915,judge_pass_rate
v242_flux2-klein-4b-nf4,flux2-klein-4b-nf4,bench_v1_009,0.9185,0.7189,0.4389,False,1.0,attribute,,0.6947,
v242_flux2-klein-4b-nf4,flux2-klein-4b-nf4,bench_v1_010,0.9426,0.673,0.5394,False,,,,0.6817,judge_pass_rate
v242_flux2-klein-4b-nf4,flux2-klein-4b-nf4,bench_v1_011,0.9664,0.6997,0.5735,False,1.0,spatial,,0.7681,
v242_flux2-klein-4b-nf4,flux2-klein-4b-nf4,bench_v1_012,0.9442,0.7016,0.4116,False,1.0,"attribute,counting",,0.6764,
v242_flux2-klein-4b-nf4,flux2-klein-4b-nf4,bench_v1_013,0.96,0.663,0.4968,False,1.0,"attribute,spatial",,0.7191,
v242_flux2-klein-4b-nf4,flux2-klein-4b-nf4,bench_v1_014,0.9289,0.7161,0.5445,False,,,,0.6961,judge_pass_rate
v242_flux2-klein-4b-nf4,flux2-klein-4b-nf4,bench_v1_015,0.9271,0.7459,0.5316,False,,,,0.6976,judge_pass_rate
v242_flux2-klein-4b-nf4,flux2-klein-4b-nf4,bench_v1_016,0.9208,0.7092,0.5142,False,,,,0.6756,judge_pass_rate
v242_flux2-klein-4b-nf4,flux2-klein-4b-nf4,bench_v1_017,0.8986,0.7278,0.5487,False,,,,0.6962,judge_pass_rate
v242_flux2-klein-4b-nf4,flux2-klein-4b-nf4,bench_v1_018,0.9563,0.6582,0.5854,False,1.0,"counting,spatial",,0.7585,
v242_flux2-klein-4b-nf4,flux2-klein-4b-nf4,bench_v1_019,0.8903,0.7279,0.5077,False,1.0,attribute,,0.7317,
v242_flux2-klein-4b-nf4,flux2-klein-4b-nf4,bench_v1_020,0.9226,0.6776,0.4444,False,1.0,spatial,,0.6885,
v242_flux2-klein-4b-nf4,flux2-klein-4b-nf4,bench_v1_021,0.933,0.725,0.5111,False,1.0,"counting,spatial",,0.7397,
v242_flux2-klein-4b-nf4,flux2-klein-4b-nf4,bench_v1_022,0.9092,0.7255,0.5163,False,1.0,"attribute,counting",,0.7387,
v242_flux2-klein-4b-nf4,flux2-klein-4b-nf4,bench_v1_023,0.9417,0.705,0.4992,False,,,,0.6691,judge_pass_rate
v242_flux2-klein-4b-nf4,flux2-klein-4b-nf4,bench_v1_024,0.7175,0.7228,0.4581,False,1.0,spatial,,0.6711,
v242_flux2-klein-4b-nf4,flux2-klein-4b-nf4,bench_v1_025,0.9496,0.7052,0.5063,False,1.0,counting,,0.7345,
v242_flux2-klein-4b-nf4,flux2-klein-4b-nf4,bench_v1_026,0.9465,0.7031,0.5179,False,,,,0.6803,judge_pass_rate
v242_flux2-klein-4b-nf4,flux2-klein-4b-nf4,bench_v1_027,0.9486,0.7223,0.4345,False,1.0,spatial,,0.6968,
v242_flux2-klein-4b-nf4,flux2-klein-4b-nf4,bench_v1_028,0.9825,0.6769,0.4695,False,1.0,"counting,spatial",,0.7111,
v242_flux2-klein-4b-nf4,flux2-klein-4b-nf4,bench_v1_029,0.9702,0.7116,0.485,False,0.6667,"attribute,counting,spatial",,0.6669,
v242_flux2-klein-4b-nf4,flux2-klein-4b-nf4,bench_v1_030,0.9673,0.7164,0.5282,False,1.0,"attribute,spatial",,0.7515,
v242_flux2-klein-4b-nf4,flux2-klein-4b-nf4,bench_v1_031,0.9612,0.7086,0.4539,False,,,,0.6445,judge_pass_rate
v242_flux2-klein-4b-nf4,flux2-klein-4b-nf4,bench_v1_032,0.9417,0.701,0.4512,False,,,,0.6377,judge_pass_rate
v242_flux2-klein-4b-nf4,flux2-klein-4b-nf4,bench_v1_033,0.933,0.7274,0.3936,False,1.0,attribute,,0.6681,
v242_flux2-klein-4b-nf4,flux2-klein-4b-nf4,bench_v1_034,0.933,0.7088,0.4511,False,0.0,spatial,,0.0,
v242_flux2-klein-4b-nf4,flux2-klein-4b-nf4,bench_v1_035,0.9092,0.7194,0.44,False,,,,0.6299,judge_pass_rate
v242_flux2-klein-4b-nf4,flux2-klein-4b-nf4,bench_v1_036,0.9408,0.7196,0.4334,False,1.0,"attribute,counting,spatial",,0.6945,
v242_flux2-klein-4b-nf4,flux2-klein-4b-nf4,bench_v1_037,0.9482,0.7309,0.5273,False,,,,0.6946,judge_pass_rate
v242_flux2-klein-4b-nf4,flux2-klein-4b-nf4,bench_v1_038,0.9039,0.7069,0.4659,False,,,,0.6428,judge_pass_rate
v242_flux2-klein-4b-nf4,flux2-klein-4b-nf4,bench_v1_039,0.9039,0.7269,0.4889,False,,,,0.6626,judge_pass_rate
v242_flux2-klein-4b-nf4,flux2-klein-4b-nf4,bench_v1_040,0.9339,0.7316,0.6583,False,1.0,spatial,,0.807,
